node,degree_centrality
192.168.1.30,0.4173076923076923
192.168.1.193,0.3730769230769231
192.168.1.37,0.2173076923076923
192.168.1.152,0.15000000000000002
192.168.1.31,0.125
192.168.1.32,0.11153846153846154
192.168.1.33,0.0903846153846154
192.168.1.190,0.08461538461538462
192.168.1.184,0.06346153846153846
192.168.1.133,0.057692307692307696
192.168.1.250,0.057692307692307696
192.168.1.49,0.025
192.168.1.46,0.023076923076923078
192.168.1.79,0.019230769230769232
192.168.1.194,0.019230769230769232
192.168.1.169,0.019230769230769232
192.168.1.103,0.019230769230769232
192.168.1.186,0.019230769230769232
52.59.177.21,0.01730769230769231
18.184.104.180,0.009615384615384616
CASE-20260330-153425-DIVERSIFIED-8,0.0038461538461538464
CASE-20260330-153425-DIVERSIFIED-9,0.0038461538461538464
CASE-20260330-153425-DIVERSIFIED-10,0.0038461538461538464
CASE-20260330-153425-DIVERSIFIED-11,0.0038461538461538464
CASE-20260330-153425-DIVERSIFIED-12,0.0038461538461538464
CASE-20260330-153425-DIVERSIFIED-13,0.0038461538461538464
CASE-20260330-153425-DIVERSIFIED-14,0.0038461538461538464
CASE-20260330-153425-DIVERSIFIED-15,0.0038461538461538464
CASE-20260330-153425-DIVERSIFIED-16,0.0038461538461538464
CASE-20260330-153425-DIVERSIFIED-17,0.0038461538461538464
CASE-20260330-153425-DIVERSIFIED-18,0.0038461538461538464
CASE-20260330-153425-DIVERSIFIED-19,0.0038461538461538464
CASE-20260330-153425-DIVERSIFIED-20,0.0038461538461538464
CASE-20260330-153425-DIVERSIFIED-5,0.0038461538461538464
CASE-20260330-153425-DIVERSIFIED-22,0.0038461538461538464
CASE-20260330-153425-DIVERSIFIED-23,0.0038461538461538464
CASE-20260330-153425-DIVERSIFIED-24,0.0038461538461538464
CASE-20260330-153425-DIVERSIFIED-25,0.0038461538461538464
CASE-20260330-153425-DIVERSIFIED-26,0.0038461538461538464
CASE-20260330-153425-DIVERSIFIED-27,0.0038461538461538464
CASE-20260330-153425-DIVERSIFIED-28,0.0038461538461538464
CASE-20260330-153425-DIVERSIFIED-29,0.0038461538461538464
CASE-20260330-153425-DIVERSIFIED-30,0.0038461538461538464
CASE-20260330-153425-DIVERSIFIED-31,0.0038461538461538464
CASE-20260330-153425-DIVERSIFIED-32,0.0038461538461538464
CASE-20260330-153425-DIVERSIFIED-33,0.0038461538461538464
CASE-20260330-153425-DIVERSIFIED-34,0.0038461538461538464
CASE-20260330-153425-DIVERSIFIED-35,0.0038461538461538464
CASE-20260330-153425-DIVERSIFIED-36,0.0038461538461538464
CASE-20260330-153425-DIVERSIFIED-37,0.0038461538461538464
CASE-20260330-153425-DIVERSIFIED-38,0.0038461538461538464
CASE-20260330-153425-DIVERSIFIED-39,0.0038461538461538464
CASE-20260330-153425-DIVERSIFIED-40,0.0038461538461538464
CASE-20260330-153425-DIVERSIFIED-41,0.0038461538461538464
CASE-20260330-153425-DIVERSIFIED-42,0.0038461538461538464
CASE-20260330-153425-DIVERSIFIED-43,0.0038461538461538464
CASE-20260330-153425-DIVERSIFIED-44,0.0038461538461538464
CASE-20260330-153425-DIVERSIFIED-45,0.0038461538461538464
CASE-20260330-153425-DIVERSIFIED-46,0.0038461538461538464
CASE-20260330-153425-DIVERSIFIED-47,0.0038461538461538464
CASE-20260330-153425-DIVERSIFIED-48,0.0038461538461538464
CASE-20260330-153425-DIVERSIFIED-49,0.0038461538461538464
CASE-20260330-153425-DIVERSIFIED-50,0.0038461538461538464
CASE-20260330-153425-DIVERSIFIED-51,0.0038461538461538464
CASE-20260330-153425-DIVERSIFIED-52,0.0038461538461538464
CASE-20260330-153425-DIVERSIFIED-53,0.0038461538461538464
CASE-20260330-153425-DIVERSIFIED-54,0.0038461538461538464
CASE-20260330-153425-DIVERSIFIED-55,0.0038461538461538464
CASE-20260330-153425-DIVERSIFIED-56,0.0038461538461538464
CASE-20260330-153425-DIVERSIFIED-57,0.0038461538461538464
CASE-20260330-153425-DIVERSIFIED-58,0.0038461538461538464
CASE-20260330-153425-DIVERSIFIED-59,0.0038461538461538464
CASE-20260330-153425-DIVERSIFIED-60,0.0038461538461538464
CASE-20260330-153425-DIVERSIFIED-61,0.0038461538461538464
CASE-20260330-153425-DIVERSIFIED-62,0.0038461538461538464
CASE-20260330-153425-DIVERSIFIED-63,0.0038461538461538464
CASE-20260330-153425-DIVERSIFIED-64,0.0038461538461538464
CASE-20260330-153425-DIVERSIFIED-65,0.0038461538461538464
CASE-20260330-153425-DIVERSIFIED-66,0.0038461538461538464
CASE-20260330-153425-DIVERSIFIED-67,0.0038461538461538464
CASE-20260330-153425-DIVERSIFIED-68,0.0038461538461538464
CASE-20260330-153425-DIVERSIFIED-69,0.0038461538461538464
CASE-20260330-153425-DIVERSIFIED-70,0.0038461538461538464
CASE-20260330-153425-DIVERSIFIED-71,0.0038461538461538464
CASE-20260330-153425-DIVERSIFIED-72,0.0038461538461538464
CASE-20260330-153425-DIVERSIFIED-73,0.0038461538461538464
CASE-20260330-153425-DIVERSIFIED-74,0.0038461538461538464
CASE-20260330-153425-DIVERSIFIED-75,0.0038461538461538464
CASE-20260330-153425-DIVERSIFIED-76,0.0038461538461538464
CASE-20260330-153425-DIVERSIFIED-77,0.0038461538461538464
CASE-20260330-153425-DIVERSIFIED-78,0.0038461538461538464
CASE-20260330-153425-DIVERSIFIED-79,0.0038461538461538464
CASE-20260330-153425-DIVERSIFIED-80,0.0038461538461538464
CASE-20260330-153425-DIVERSIFIED-81,0.0038461538461538464
CASE-20260330-153425-DIVERSIFIED-82,0.0038461538461538464
CASE-20260330-153425-DIVERSIFIED-83,0.0038461538461538464
CASE-20260330-153425-DIVERSIFIED-84,0.0038461538461538464
CASE-20260330-153425-DIVERSIFIED-85,0.0038461538461538464
CASE-20260330-153425-DIVERSIFIED-86,0.0038461538461538464
CASE-20260330-153425-DIVERSIFIED-87,0.0038461538461538464
CASE-20260330-153425-DIVERSIFIED-88,0.0038461538461538464
CASE-20260330-153425-DIVERSIFIED-89,0.0038461538461538464
CASE-20260330-153425-DIVERSIFIED-90,0.0038461538461538464
CASE-20260330-153425-DIVERSIFIED-91,0.0038461538461538464
CASE-20260330-153425-DIVERSIFIED-92,0.0038461538461538464
CASE-20260330-153425-DIVERSIFIED-93,0.0038461538461538464
CASE-20260330-153425-DIVERSIFIED-94,0.0038461538461538464
CASE-20260330-153425-DIVERSIFIED-95,0.0038461538461538464
CASE-20260330-153425-DIVERSIFIED-96,0.0038461538461538464
CASE-20260330-153425-DIVERSIFIED-97,0.0038461538461538464
CASE-20260330-153425-DIVERSIFIED-98,0.0038461538461538464
CASE-20260330-153425-DIVERSIFIED-99,0.0038461538461538464
CASE-20260330-153425-DIVERSIFIED-100,0.0038461538461538464
CASE-20260330-153425-DIVERSIFIED-101,0.0038461538461538464
CASE-20260330-153425-DIVERSIFIED-102,0.0038461538461538464
CASE-20260330-153425-DIVERSIFIED-103,0.0038461538461538464
CASE-20260330-153425-DIVERSIFIED-104,0.0038461538461538464
CASE-20260330-153425-DIVERSIFIED-105,0.0038461538461538464
CASE-20260330-153425-DIVERSIFIED-106,0.0038461538461538464
CASE-20260330-153425-DIVERSIFIED-107,0.0038461538461538464
CASE-20260330-153425-DIVERSIFIED-108,0.0038461538461538464
CASE-20260330-153425-DIVERSIFIED-109,0.0038461538461538464
CASE-20260330-153425-DIVERSIFIED-110,0.0038461538461538464
CASE-20260330-153425-DIVERSIFIED-111,0.0038461538461538464
CASE-20260330-153425-DIVERSIFIED-112,0.0038461538461538464
CASE-20260330-153425-DIVERSIFIED-113,0.0038461538461538464
CASE-20260330-153425-DIVERSIFIED-114,0.0038461538461538464
CASE-20260330-153425-DIVERSIFIED-115,0.0038461538461538464
CASE-20260330-153425-DIVERSIFIED-116,0.0038461538461538464
CASE-20260330-153425-DIVERSIFIED-117,0.0038461538461538464
CASE-20260330-153425-DIVERSIFIED-118,0.0038461538461538464
CASE-20260330-153425-DIVERSIFIED-119,0.0038461538461538464
CASE-20260330-153425-DIVERSIFIED-120,0.0038461538461538464
CASE-20260330-153425-DIVERSIFIED-121,0.0038461538461538464
CASE-20260330-153425-DIVERSIFIED-122,0.0038461538461538464
CASE-20260330-153425-DIVERSIFIED-123,0.0038461538461538464
CASE-20260330-153425-DIVERSIFIED-124,0.0038461538461538464
CASE-20260330-153425-DIVERSIFIED-125,0.0038461538461538464
CASE-20260330-153425-DIVERSIFIED-126,0.0038461538461538464
CASE-20260330-153425-DIVERSIFIED-127,0.0038461538461538464
CASE-20260330-153425-DIVERSIFIED-128,0.0038461538461538464
CASE-20260330-153425-DIVERSIFIED-129,0.0038461538461538464
CASE-20260330-153425-DIVERSIFIED-130,0.0038461538461538464
CASE-20260330-153425-DIVERSIFIED-131,0.0038461538461538464
CASE-20260330-153425-DIVERSIFIED-132,0.0038461538461538464
CASE-20260330-153425-DIVERSIFIED-133,0.0038461538461538464
CASE-20260330-153425-DIVERSIFIED-134,0.0038461538461538464
CASE-20260330-153425-DIVERSIFIED-135,0.0038461538461538464
CASE-20260330-153425-DIVERSIFIED-136,0.0038461538461538464
CASE-20260330-153425-DIVERSIFIED-137,0.0038461538461538464
CASE-20260330-153425-DIVERSIFIED-138,0.0038461538461538464
CASE-20260330-153425-DIVERSIFIED-139,0.0038461538461538464
CASE-20260330-153425-DIVERSIFIED-140,0.0038461538461538464
CASE-20260330-153425-DIVERSIFIED-141,0.0038461538461538464
CASE-20260330-153425-DIVERSIFIED-142,0.0038461538461538464
CASE-20260330-153425-DIVERSIFIED-143,0.0038461538461538464
CASE-20260330-153425-DIVERSIFIED-144,0.0038461538461538464
CASE-20260330-153425-DIVERSIFIED-145,0.0038461538461538464
CASE-20260330-153425-DIVERSIFIED-146,0.0038461538461538464
CASE-20260330-153425-DIVERSIFIED-147,0.0038461538461538464
CASE-20260330-153425-DIVERSIFIED-148,0.0038461538461538464
CASE-20260330-153425-DIVERSIFIED-149,0.0038461538461538464
CASE-20260330-153425-DIVERSIFIED-150,0.0038461538461538464
CASE-20260330-153425-DIVERSIFIED-151,0.0038461538461538464
CASE-20260330-153425-DIVERSIFIED-152,0.0038461538461538464
CASE-20260330-153425-DIVERSIFIED-153,0.0038461538461538464
CASE-20260330-153425-DIVERSIFIED-154,0.0038461538461538464
CASE-20260330-153425-DIVERSIFIED-155,0.0038461538461538464
CASE-20260330-153425-DIVERSIFIED-156,0.0038461538461538464
CASE-20260330-153425-DIVERSIFIED-157,0.0038461538461538464
CASE-20260330-153425-DIVERSIFIED-158,0.0038461538461538464
CASE-20260330-153425-DIVERSIFIED-159,0.0038461538461538464
CASE-20260330-153425-DIVERSIFIED-160,0.0038461538461538464
CASE-20260330-153425-DIVERSIFIED-161,0.0038461538461538464
CASE-20260330-153425-DIVERSIFIED-162,0.0038461538461538464
CASE-20260330-153425-DIVERSIFIED-163,0.0038461538461538464
CASE-20260330-153425-DIVERSIFIED-164,0.0038461538461538464
CASE-20260330-153425-DIVERSIFIED-165,0.0038461538461538464
CASE-20260330-153425-DIVERSIFIED-166,0.0038461538461538464
CASE-20260330-153425-DIVERSIFIED-167,0.0038461538461538464
CASE-20260330-153425-DIVERSIFIED-168,0.0038461538461538464
CASE-20260330-153425-DIVERSIFIED-169,0.0038461538461538464
CASE-20260330-153425-DIVERSIFIED-170,0.0038461538461538464
CASE-20260330-153425-DIVERSIFIED-171,0.0038461538461538464
CASE-20260330-153425-DIVERSIFIED-172,0.0038461538461538464
CASE-20260330-153425-DIVERSIFIED-173,0.0038461538461538464
CASE-20260330-153425-DIVERSIFIED-174,0.0038461538461538464
CASE-20260330-153425-DIVERSIFIED-175,0.0038461538461538464
CASE-20260330-153425-DIVERSIFIED-176,0.0038461538461538464
CASE-20260330-153425-DIVERSIFIED-177,0.0038461538461538464
CASE-20260330-153425-DIVERSIFIED-178,0.0038461538461538464
CASE-20260330-153425-DIVERSIFIED-179,0.0038461538461538464
CASE-20260330-153425-DIVERSIFIED-180,0.0038461538461538464
CASE-20260330-153425-DIVERSIFIED-181,0.0038461538461538464
CASE-20260330-153425-DIVERSIFIED-182,0.0038461538461538464
CASE-20260330-153425-DIVERSIFIED-183,0.0038461538461538464
CASE-20260330-153425-DIVERSIFIED-184,0.0038461538461538464
CASE-20260330-153425-DIVERSIFIED-185,0.0038461538461538464
CASE-20260330-153425-DIVERSIFIED-186,0.0038461538461538464
CASE-20260330-153425-DIVERSIFIED-187,0.0038461538461538464
CASE-20260330-153425-DIVERSIFIED-188,0.0038461538461538464
CASE-20260330-153425-DIVERSIFIED-189,0.0038461538461538464
CASE-20260330-153425-DIVERSIFIED-190,0.0038461538461538464
CASE-20260330-153425-DIVERSIFIED-191,0.0038461538461538464
CASE-20260330-153425-DIVERSIFIED-192,0.0038461538461538464
CASE-20260330-153425-DIVERSIFIED-193,0.0038461538461538464
CASE-20260330-153425-DIVERSIFIED-194,0.0038461538461538464
CASE-20260330-153425-DIVERSIFIED-195,0.0038461538461538464
CASE-20260330-153425-DIVERSIFIED-196,0.0038461538461538464
CASE-20260330-153425-DIVERSIFIED-197,0.0038461538461538464
CASE-20260330-153425-DIVERSIFIED-198,0.0038461538461538464
CASE-20260330-153425-DIVERSIFIED-199,0.0038461538461538464
CASE-20260330-153425-DIVERSIFIED-200,0.0038461538461538464
CASE-20260330-153425-DIVERSIFIED-201,0.0038461538461538464
CASE-20260330-153425-DIVERSIFIED-202,0.0038461538461538464
CASE-20260330-153425-DIVERSIFIED-203,0.0038461538461538464
CASE-20260330-153425-DIVERSIFIED-204,0.0038461538461538464
CASE-20260330-153425-DIVERSIFIED-205,0.0038461538461538464
CASE-20260330-153425-DIVERSIFIED-206,0.0038461538461538464
CASE-20260330-153425-DIVERSIFIED-207,0.0038461538461538464
CASE-20260330-153425-DIVERSIFIED-208,0.0038461538461538464
CASE-20260330-153425-DIVERSIFIED-209,0.0038461538461538464
CASE-20260330-153425-DIVERSIFIED-210,0.0038461538461538464
CASE-20260330-153425-DIVERSIFIED-211,0.0038461538461538464
CASE-20260330-153425-DIVERSIFIED-212,0.0038461538461538464
CASE-20260330-153425-DIVERSIFIED-213,0.0038461538461538464
CASE-20260330-153425-DIVERSIFIED-214,0.0038461538461538464
CASE-20260330-153425-DIVERSIFIED-215,0.0038461538461538464
CASE-20260330-153425-DIVERSIFIED-216,0.0038461538461538464
CASE-20260330-153425-DIVERSIFIED-217,0.0038461538461538464
CASE-20260330-153425-DIVERSIFIED-218,0.0038461538461538464
CASE-20260330-153425-DIVERSIFIED-219,0.0038461538461538464
CASE-20260330-153425-DIVERSIFIED-220,0.0038461538461538464
CASE-20260330-153425-DIVERSIFIED-221,0.0038461538461538464
CASE-20260330-153425-DIVERSIFIED-222,0.0038461538461538464
CASE-20260330-153425-DIVERSIFIED-223,0.0038461538461538464
CASE-20260330-153425-DIVERSIFIED-224,0.0038461538461538464
CASE-20260330-153425-DIVERSIFIED-225,0.0038461538461538464
CASE-20260330-153425-DIVERSIFIED-226,0.0038461538461538464
CASE-20260330-153425-DIVERSIFIED-227,0.0038461538461538464
CASE-20260330-153425-DIVERSIFIED-228,0.0038461538461538464
CASE-20260330-153425-DIVERSIFIED-229,0.0038461538461538464
CASE-20260330-153425-DIVERSIFIED-230,0.0038461538461538464
CASE-20260330-153425-DIVERSIFIED-231,0.0038461538461538464
CASE-20260330-153425-DIVERSIFIED-232,0.0038461538461538464
CASE-20260330-153425-DIVERSIFIED-233,0.0038461538461538464
CASE-20260330-153425-DIVERSIFIED-234,0.0038461538461538464
CASE-20260330-153425-DIVERSIFIED-235,0.0038461538461538464
CASE-20260330-153425-DIVERSIFIED-236,0.0038461538461538464
CASE-20260330-153425-DIVERSIFIED-237,0.0038461538461538464
CASE-20260330-153425-DIVERSIFIED-238,0.0038461538461538464
CASE-20260330-153425-DIVERSIFIED-239,0.0038461538461538464
CASE-20260330-153425-DIVERSIFIED-240,0.0038461538461538464
CASE-20260330-153425-DIVERSIFIED-241,0.0038461538461538464
CASE-20260330-153425-DIVERSIFIED-242,0.0038461538461538464
CASE-20260330-153425-DIVERSIFIED-243,0.0038461538461538464
CASE-20260330-153425-DIVERSIFIED-244,0.0038461538461538464
CASE-20260330-153425-DIVERSIFIED-245,0.0038461538461538464
CASE-20260330-153425-DIVERSIFIED-246,0.0038461538461538464
CASE-20260330-153425-DIVERSIFIED-247,0.0038461538461538464
CASE-20260330-153425-DIVERSIFIED-248,0.0038461538461538464
CASE-20260330-153425-DIVERSIFIED-249,0.0038461538461538464
CASE-20260330-153425-DIVERSIFIED-250,0.0038461538461538464
CASE-20260330-153425-DIVERSIFIED-251,0.0038461538461538464
CASE-20260330-153425-DIVERSIFIED-252,0.0038461538461538464
CASE-20260330-153425-DIVERSIFIED-253,0.0038461538461538464
CASE-20260330-153425-DIVERSIFIED-254,0.0038461538461538464
CASE-20260330-153425-DIVERSIFIED-255,0.0038461538461538464
CASE-20260330-153425-DIVERSIFIED-256,0.0038461538461538464
CASE-20260330-153425-DIVERSIFIED-257,0.0038461538461538464
CASE-20260330-153425-DIVERSIFIED-258,0.0038461538461538464
CASE-20260330-153425-DIVERSIFIED-259,0.0038461538461538464
CASE-20260330-153425-DIVERSIFIED-260,0.0038461538461538464
CASE-20260330-153425-DIVERSIFIED-261,0.0038461538461538464
CASE-20260330-153425-DIVERSIFIED-262,0.0038461538461538464
CASE-20260330-153425-DIVERSIFIED-263,0.0038461538461538464
CASE-20260330-153425-DIVERSIFIED-264,0.0038461538461538464
CASE-20260330-153425-DIVERSIFIED-483,0.0038461538461538464
CASE-20260330-153425-DIVERSIFIED-265,0.0038461538461538464
CASE-20260330-153425-DIVERSIFIED-266,0.0038461538461538464
CASE-20260330-153425-DIVERSIFIED-267,0.0038461538461538464
CASE-20260330-153425-DIVERSIFIED-268,0.0038461538461538464
CASE-20260330-153425-DIVERSIFIED-269,0.0038461538461538464
CASE-20260330-153425-DIVERSIFIED-270,0.0038461538461538464
CASE-20260330-153425-DIVERSIFIED-271,0.0038461538461538464
CASE-20260330-153425-DIVERSIFIED-272,0.0038461538461538464
CASE-20260330-153425-DIVERSIFIED-273,0.0038461538461538464
CASE-20260330-153425-DIVERSIFIED-274,0.0038461538461538464
CASE-20260330-153425-DIVERSIFIED-275,0.0038461538461538464
CASE-20260330-153425-DIVERSIFIED-276,0.0038461538461538464
CASE-20260330-153425-DIVERSIFIED-277,0.0038461538461538464
CASE-20260330-153425-DIVERSIFIED-278,0.0038461538461538464
CASE-20260330-153425-DIVERSIFIED-279,0.0038461538461538464
CASE-20260330-153425-DIVERSIFIED-280,0.0038461538461538464
CASE-20260330-153425-DIVERSIFIED-281,0.0038461538461538464
CASE-20260330-153425-DIVERSIFIED-282,0.0038461538461538464
CASE-20260330-153425-DIVERSIFIED-283,0.0038461538461538464
CASE-20260330-153425-DIVERSIFIED-284,0.0038461538461538464
CASE-20260330-153425-DIVERSIFIED-285,0.0038461538461538464
CASE-20260330-153425-DIVERSIFIED-286,0.0038461538461538464
CASE-20260330-153425-DIVERSIFIED-287,0.0038461538461538464
CASE-20260330-153425-DIVERSIFIED-288,0.0038461538461538464
CASE-20260330-153425-DIVERSIFIED-289,0.0038461538461538464
CASE-20260330-153425-DIVERSIFIED-290,0.0038461538461538464
CASE-20260330-153425-DIVERSIFIED-291,0.0038461538461538464
CASE-20260330-153425-DIVERSIFIED-292,0.0038461538461538464
CASE-20260330-153425-DIVERSIFIED-293,0.0038461538461538464
CASE-20260330-153425-DIVERSIFIED-294,0.0038461538461538464
CASE-20260330-153425-DIVERSIFIED-295,0.0038461538461538464
CASE-20260330-153425-DIVERSIFIED-296,0.0038461538461538464
CASE-20260330-153425-DIVERSIFIED-297,0.0038461538461538464
CASE-20260330-153425-DIVERSIFIED-298,0.0038461538461538464
CASE-20260330-153425-DIVERSIFIED-299,0.0038461538461538464
CASE-20260330-153425-DIVERSIFIED-300,0.0038461538461538464
CASE-20260330-153425-DIVERSIFIED-301,0.0038461538461538464
CASE-20260330-153425-DIVERSIFIED-302,0.0038461538461538464
CASE-20260330-153425-DIVERSIFIED-303,0.0038461538461538464
CASE-20260330-153425-DIVERSIFIED-304,0.0038461538461538464
CASE-20260330-153425-DIVERSIFIED-305,0.0038461538461538464
CASE-20260330-153425-DIVERSIFIED-306,0.0038461538461538464
CASE-20260330-153425-DIVERSIFIED-307,0.0038461538461538464
CASE-20260330-153425-DIVERSIFIED-308,0.0038461538461538464
CASE-20260330-153425-DIVERSIFIED-309,0.0038461538461538464
CASE-20260330-153425-DIVERSIFIED-310,0.0038461538461538464
CASE-20260330-153425-DIVERSIFIED-311,0.0038461538461538464
CASE-20260330-153425-DIVERSIFIED-312,0.0038461538461538464
CASE-20260330-153425-DIVERSIFIED-313,0.0038461538461538464
CASE-20260330-153425-DIVERSIFIED-314,0.0038461538461538464
CASE-20260330-153425-DIVERSIFIED-315,0.0038461538461538464
CASE-20260330-153425-DIVERSIFIED-316,0.0038461538461538464
CASE-20260330-153425-DIVERSIFIED-317,0.0038461538461538464
CASE-20260330-153425-DIVERSIFIED-318,0.0038461538461538464
CASE-20260330-153425-DIVERSIFIED-319,0.0038461538461538464
CASE-20260330-153425-DIVERSIFIED-320,0.0038461538461538464
CASE-20260330-153425-DIVERSIFIED-321,0.0038461538461538464
CASE-20260330-153425-DIVERSIFIED-322,0.0038461538461538464
CASE-20260330-153425-DIVERSIFIED-323,0.0038461538461538464
CASE-20260330-153425-DIVERSIFIED-324,0.0038461538461538464
CASE-20260330-153425-DIVERSIFIED-325,0.0038461538461538464
CASE-20260330-153425-DIVERSIFIED-326,0.0038461538461538464
CASE-20260330-153425-DIVERSIFIED-327,0.0038461538461538464
CASE-20260330-153425-DIVERSIFIED-328,0.0038461538461538464
CASE-20260330-153425-DIVERSIFIED-329,0.0038461538461538464
CASE-20260330-153425-DIVERSIFIED-330,0.0038461538461538464
CASE-20260330-153425-DIVERSIFIED-331,0.0038461538461538464
CASE-20260330-153425-DIVERSIFIED-332,0.0038461538461538464
CASE-20260330-153425-DIVERSIFIED-333,0.0038461538461538464
CASE-20260330-153425-DIVERSIFIED-334,0.0038461538461538464
CASE-20260330-153425-DIVERSIFIED-335,0.0038461538461538464
CASE-20260330-153425-DIVERSIFIED-336,0.0038461538461538464
CASE-20260330-153425-DIVERSIFIED-337,0.0038461538461538464
CASE-20260330-153425-DIVERSIFIED-338,0.0038461538461538464
CASE-20260330-153425-DIVERSIFIED-339,0.0038461538461538464
CASE-20260330-153425-DIVERSIFIED-340,0.0038461538461538464
CASE-20260330-153425-DIVERSIFIED-341,0.0038461538461538464
CASE-20260330-153425-DIVERSIFIED-342,0.0038461538461538464
CASE-20260330-153425-DIVERSIFIED-343,0.0038461538461538464
CASE-20260330-153425-DIVERSIFIED-344,0.0038461538461538464
CASE-20260330-153425-DIVERSIFIED-345,0.0038461538461538464
CASE-20260330-153425-DIVERSIFIED-346,0.0038461538461538464
CASE-20260330-153425-DIVERSIFIED-347,0.0038461538461538464
CASE-20260330-153425-DIVERSIFIED-348,0.0038461538461538464
CASE-20260330-153425-DIVERSIFIED-349,0.0038461538461538464
CASE-20260330-153425-DIVERSIFIED-350,0.0038461538461538464
CASE-20260330-153425-DIVERSIFIED-351,0.0038461538461538464
CASE-20260330-153425-DIVERSIFIED-352,0.0038461538461538464
CASE-20260330-153425-DIVERSIFIED-353,0.0038461538461538464
CASE-20260330-153425-DIVERSIFIED-354,0.0038461538461538464
CASE-20260330-153425-DIVERSIFIED-355,0.0038461538461538464
CASE-20260330-153425-DIVERSIFIED-356,0.0038461538461538464
CASE-20260330-153425-DIVERSIFIED-357,0.0038461538461538464
CASE-20260330-153425-DIVERSIFIED-358,0.0038461538461538464
CASE-20260330-153425-DIVERSIFIED-359,0.0038461538461538464
CASE-20260330-153425-DIVERSIFIED-360,0.0038461538461538464
CASE-20260330-153425-DIVERSIFIED-361,0.0038461538461538464
CASE-20260330-153425-DIVERSIFIED-362,0.0038461538461538464
CASE-20260330-153425-DIVERSIFIED-363,0.0038461538461538464
CASE-20260330-153425-DIVERSIFIED-364,0.0038461538461538464
CASE-20260330-153425-DIVERSIFIED-365,0.0038461538461538464
CASE-20260330-153425-DIVERSIFIED-366,0.0038461538461538464
CASE-20260330-153425-DIVERSIFIED-367,0.0038461538461538464
CASE-20260330-153425-DIVERSIFIED-368,0.0038461538461538464
CASE-20260330-153425-DIVERSIFIED-369,0.0038461538461538464
CASE-20260330-153425-DIVERSIFIED-370,0.0038461538461538464
CASE-20260330-153425-DIVERSIFIED-371,0.0038461538461538464
CASE-20260330-153425-DIVERSIFIED-372,0.0038461538461538464
CASE-20260330-153425-DIVERSIFIED-373,0.0038461538461538464
CASE-20260330-153425-DIVERSIFIED-374,0.0038461538461538464
CASE-20260330-153425-DIVERSIFIED-375,0.0038461538461538464
CASE-20260330-153425-DIVERSIFIED-376,0.0038461538461538464
CASE-20260330-153425-DIVERSIFIED-377,0.0038461538461538464
CASE-20260330-153425-DIVERSIFIED-378,0.0038461538461538464
CASE-20260330-153425-DIVERSIFIED-379,0.0038461538461538464
CASE-20260330-153425-DIVERSIFIED-380,0.0038461538461538464
CASE-20260330-153425-DIVERSIFIED-381,0.0038461538461538464
CASE-20260330-153425-DIVERSIFIED-382,0.0038461538461538464
CASE-20260330-153425-DIVERSIFIED-383,0.0038461538461538464
CASE-20260330-153425-DIVERSIFIED-384,0.0038461538461538464
CASE-20260330-153425-DIVERSIFIED-385,0.0038461538461538464
CASE-20260330-153425-DIVERSIFIED-386,0.0038461538461538464
CASE-20260330-153425-DIVERSIFIED-387,0.0038461538461538464
CASE-20260330-153425-DIVERSIFIED-388,0.0038461538461538464
CASE-20260330-153425-DIVERSIFIED-389,0.0038461538461538464
CASE-20260330-153425-DIVERSIFIED-390,0.0038461538461538464
CASE-20260330-153425-DIVERSIFIED-391,0.0038461538461538464
CASE-20260330-153425-DIVERSIFIED-392,0.0038461538461538464
CASE-20260330-153425-DIVERSIFIED-393,0.0038461538461538464
CASE-20260330-153425-DIVERSIFIED-394,0.0038461538461538464
CASE-20260330-153425-DIVERSIFIED-395,0.0038461538461538464
CASE-20260330-153425-DIVERSIFIED-396,0.0038461538461538464
CASE-20260330-153425-DIVERSIFIED-397,0.0038461538461538464
CASE-20260330-153425-DIVERSIFIED-7,0.0038461538461538464
CASE-20260330-153425-DIVERSIFIED-398,0.0038461538461538464
CASE-20260330-153425-DIVERSIFIED-499,0.0038461538461538464
CASE-20260330-153425-DIVERSIFIED-399,0.0038461538461538464
CASE-20260330-153425-DIVERSIFIED-400,0.0038461538461538464
CASE-20260330-153425-DIVERSIFIED-0,0.0038461538461538464
CASE-20260330-153425-DIVERSIFIED-401,0.0038461538461538464
CASE-20260330-153425-DIVERSIFIED-1,0.0038461538461538464
CASE-20260330-153425-DIVERSIFIED-402,0.0038461538461538464
CASE-20260330-153425-DIVERSIFIED-2,0.0038461538461538464
CASE-20260330-153425-DIVERSIFIED-403,0.0038461538461538464
CASE-20260330-153425-DIVERSIFIED-404,0.0038461538461538464
CASE-20260330-153425-DIVERSIFIED-405,0.0038461538461538464
CASE-20260330-153425-DIVERSIFIED-406,0.0038461538461538464
CASE-20260330-153425-DIVERSIFIED-407,0.0038461538461538464
CASE-20260330-153425-DIVERSIFIED-408,0.0038461538461538464
CASE-20260330-153425-DIVERSIFIED-409,0.0038461538461538464
CASE-20260330-153425-DIVERSIFIED-410,0.0038461538461538464
CASE-20260330-153425-DIVERSIFIED-411,0.0038461538461538464
CASE-20260330-153425-DIVERSIFIED-412,0.0038461538461538464
CASE-20260330-153425-DIVERSIFIED-413,0.0038461538461538464
CASE-20260330-153425-DIVERSIFIED-414,0.0038461538461538464
CASE-20260330-153425-DIVERSIFIED-415,0.0038461538461538464
CASE-20260330-153425-DIVERSIFIED-416,0.0038461538461538464
CASE-20260330-153425-DIVERSIFIED-417,0.0038461538461538464
CASE-20260330-153425-DIVERSIFIED-418,0.0038461538461538464
CASE-20260330-153425-DIVERSIFIED-419,0.0038461538461538464
CASE-20260330-153425-DIVERSIFIED-420,0.0038461538461538464
CASE-20260330-153425-DIVERSIFIED-421,0.0038461538461538464
CASE-20260330-153425-DIVERSIFIED-422,0.0038461538461538464
CASE-20260330-153425-DIVERSIFIED-423,0.0038461538461538464
CASE-20260330-153425-DIVERSIFIED-424,0.0038461538461538464
CASE-20260330-153425-DIVERSIFIED-425,0.0038461538461538464
CASE-20260330-153425-DIVERSIFIED-426,0.0038461538461538464
CASE-20260330-153425-DIVERSIFIED-427,0.0038461538461538464
CASE-20260330-153425-DIVERSIFIED-428,0.0038461538461538464
CASE-20260330-153425-DIVERSIFIED-429,0.0038461538461538464
CASE-20260330-153425-DIVERSIFIED-430,0.0038461538461538464
CASE-20260330-153425-DIVERSIFIED-431,0.0038461538461538464
CASE-20260330-153425-DIVERSIFIED-432,0.0038461538461538464
CASE-20260330-153425-DIVERSIFIED-433,0.0038461538461538464
CASE-20260330-153425-DIVERSIFIED-434,0.0038461538461538464
CASE-20260330-153425-DIVERSIFIED-435,0.0038461538461538464
CASE-20260330-153425-DIVERSIFIED-436,0.0038461538461538464
CASE-20260330-153425-DIVERSIFIED-437,0.0038461538461538464
CASE-20260330-153425-DIVERSIFIED-438,0.0038461538461538464
CASE-20260330-153425-DIVERSIFIED-439,0.0038461538461538464
CASE-20260330-153425-DIVERSIFIED-440,0.0038461538461538464
CASE-20260330-153425-DIVERSIFIED-441,0.0038461538461538464
CASE-20260330-153425-DIVERSIFIED-442,0.0038461538461538464
CASE-20260330-153425-DIVERSIFIED-443,0.0038461538461538464
CASE-20260330-153425-DIVERSIFIED-444,0.0038461538461538464
CASE-20260330-153425-DIVERSIFIED-445,0.0038461538461538464
CASE-20260330-153425-DIVERSIFIED-446,0.0038461538461538464
CASE-20260330-153425-DIVERSIFIED-447,0.0038461538461538464
CASE-20260330-153425-DIVERSIFIED-448,0.0038461538461538464
CASE-20260330-153425-DIVERSIFIED-449,0.0038461538461538464
CASE-20260330-153425-DIVERSIFIED-450,0.0038461538461538464
CASE-20260330-153425-DIVERSIFIED-451,0.0038461538461538464
CASE-20260330-153425-DIVERSIFIED-452,0.0038461538461538464
CASE-20260330-153425-DIVERSIFIED-453,0.0038461538461538464
CASE-20260330-153425-DIVERSIFIED-454,0.0038461538461538464
CASE-20260330-153425-DIVERSIFIED-455,0.0038461538461538464
CASE-20260330-153425-DIVERSIFIED-456,0.0038461538461538464
CASE-20260330-153425-DIVERSIFIED-457,0.0038461538461538464
CASE-20260330-153425-DIVERSIFIED-458,0.0038461538461538464
CASE-20260330-153425-DIVERSIFIED-459,0.0038461538461538464
CASE-20260330-153425-DIVERSIFIED-460,0.0038461538461538464
CASE-20260330-153425-DIVERSIFIED-461,0.0038461538461538464
CASE-20260330-153425-DIVERSIFIED-462,0.0038461538461538464
CASE-20260330-153425-DIVERSIFIED-463,0.0038461538461538464
CASE-20260330-153425-DIVERSIFIED-464,0.0038461538461538464
CASE-20260330-153425-DIVERSIFIED-465,0.0038461538461538464
CASE-20260330-153425-DIVERSIFIED-466,0.0038461538461538464
CASE-20260330-153425-DIVERSIFIED-467,0.0038461538461538464
CASE-20260330-153425-DIVERSIFIED-468,0.0038461538461538464
CASE-20260330-153425-DIVERSIFIED-469,0.0038461538461538464
CASE-20260330-153425-DIVERSIFIED-470,0.0038461538461538464
CASE-20260330-153425-DIVERSIFIED-4,0.0038461538461538464
CASE-20260330-153425-DIVERSIFIED-472,0.0038461538461538464
CASE-20260330-153425-DIVERSIFIED-473,0.0038461538461538464
CASE-20260330-153425-DIVERSIFIED-474,0.0038461538461538464
CASE-20260330-153425-DIVERSIFIED-475,0.0038461538461538464
CASE-20260330-153425-DIVERSIFIED-476,0.0038461538461538464
CASE-20260330-153425-DIVERSIFIED-477,0.0038461538461538464
CASE-20260330-153425-DIVERSIFIED-478,0.0038461538461538464
176.28.50.165,0.0038461538461538464
CASE-20260330-153425-DIVERSIFIED-479,0.0038461538461538464
CASE-20260330-153425-DIVERSIFIED-480,0.0038461538461538464
CASE-20260330-153425-DIVERSIFIED-3,0.0038461538461538464
CASE-20260330-153425-DIVERSIFIED-481,0.0038461538461538464
CASE-20260330-153425-DIVERSIFIED-21,0.0038461538461538464
CASE-20260330-153425-DIVERSIFIED-482,0.0038461538461538464
CASE-20260330-153425-DIVERSIFIED-471,0.0038461538461538464
CASE-20260330-153425-DIVERSIFIED-6,0.0038461538461538464
CASE-20260330-153425-DIVERSIFIED-485,0.0038461538461538464
CASE-20260330-153425-DIVERSIFIED-486,0.0038461538461538464
CASE-20260330-153425-DIVERSIFIED-487,0.0038461538461538464
CASE-20260330-153425-DIVERSIFIED-488,0.0038461538461538464
CASE-20260330-153425-DIVERSIFIED-489,0.0038461538461538464
CASE-20260330-153425-DIVERSIFIED-490,0.0038461538461538464
CASE-20260330-153425-DIVERSIFIED-491,0.0038461538461538464
CASE-20260330-153425-DIVERSIFIED-492,0.0038461538461538464
CASE-20260330-153425-DIVERSIFIED-493,0.0038461538461538464
CASE-20260330-153425-DIVERSIFIED-494,0.0038461538461538464
CASE-20260330-153425-DIVERSIFIED-495,0.0038461538461538464
CASE-20260330-153425-DIVERSIFIED-496,0.0038461538461538464
CASE-20260330-153425-DIVERSIFIED-497,0.0038461538461538464
CASE-20260330-153425-DIVERSIFIED-498,0.0038461538461538464
CASE-20260330-153425-DIVERSIFIED-484,0.0038461538461538464
