row_idx,pred_id,pred_name,confidence,true_id,true_name,src_ip,dst_ip,src_port,dst_port,proto,service,conn_state,host_pair
22589,6,ransomware,0.9999999017702365,6,ransomware,192.168.1.37,192.168.1.193,35921,445,tcp,-,OTH,192.168.1.37->192.168.1.193
13628,0,backdoor,0.9999999013897471,0,backdoor,192.168.1.193,192.168.1.37,49694,8080,tcp,-,REJ,192.168.1.193->192.168.1.37
35015,0,backdoor,0.9999999013897471,0,backdoor,192.168.1.193,192.168.1.37,49690,8080,tcp,-,REJ,192.168.1.193->192.168.1.37
2500,0,backdoor,0.9999999004214871,0,backdoor,192.168.1.193,192.168.1.37,49706,8080,tcp,-,REJ,192.168.1.193->192.168.1.37
35816,0,backdoor,0.9999999004214871,0,backdoor,192.168.1.193,192.168.1.37,49696,8080,tcp,-,REJ,192.168.1.193->192.168.1.37
27530,0,backdoor,0.9999999004214871,0,backdoor,192.168.1.193,192.168.1.37,49703,8080,tcp,-,REJ,192.168.1.193->192.168.1.37
15156,0,backdoor,0.9999999004214871,0,backdoor,192.168.1.193,192.168.1.37,49690,8080,tcp,-,REJ,192.168.1.193->192.168.1.37
17640,0,backdoor,0.9999999004214871,0,backdoor,192.168.1.193,192.168.1.37,49699,8080,tcp,-,REJ,192.168.1.193->192.168.1.37
14544,0,backdoor,0.9999999004214871,0,backdoor,192.168.1.193,192.168.1.37,49701,8080,tcp,-,REJ,192.168.1.193->192.168.1.37
18724,0,backdoor,0.9999999004214871,0,backdoor,192.168.1.193,192.168.1.37,49699,8080,tcp,-,REJ,192.168.1.193->192.168.1.37
34529,0,backdoor,0.9999999004214871,0,backdoor,192.168.1.193,192.168.1.37,49701,8080,tcp,-,REJ,192.168.1.193->192.168.1.37
33012,0,backdoor,0.9999999004170138,0,backdoor,192.168.1.193,192.168.1.37,49694,8080,tcp,-,REJ,192.168.1.193->192.168.1.37
34992,0,backdoor,0.9999999004170138,0,backdoor,192.168.1.193,192.168.1.37,49706,8080,tcp,-,REJ,192.168.1.193->192.168.1.37
14566,0,backdoor,0.9999999004170138,0,backdoor,192.168.1.193,192.168.1.37,49701,8080,tcp,-,REJ,192.168.1.193->192.168.1.37
21690,0,backdoor,0.9999999003770018,0,backdoor,192.168.1.193,192.168.1.37,49614,8080,tcp,-,REJ,192.168.1.193->192.168.1.37
16382,0,backdoor,0.9999999002493296,0,backdoor,192.168.1.193,192.168.1.37,49674,8080,tcp,-,REJ,192.168.1.193->192.168.1.37
34326,6,ransomware,0.9999999001662663,6,ransomware,192.168.1.33,192.168.1.193,36321,445,tcp,-,OTH,192.168.1.33->192.168.1.193
12253,0,backdoor,0.9999998998454045,0,backdoor,192.168.1.193,192.168.1.37,49699,8080,tcp,-,REJ,192.168.1.193->192.168.1.37
25677,0,backdoor,0.9999998997781478,0,backdoor,192.168.1.193,192.168.1.37,49701,8080,tcp,-,REJ,192.168.1.193->192.168.1.37
4240,0,backdoor,0.9999998997199636,0,backdoor,192.168.1.193,192.168.1.37,49664,8080,tcp,-,REJ,192.168.1.193->192.168.1.37
28496,0,backdoor,0.9999998995550942,0,backdoor,192.168.1.193,192.168.1.37,49616,8080,tcp,-,REJ,192.168.1.193->192.168.1.37
33586,0,backdoor,0.9999998994676856,0,backdoor,192.168.1.193,192.168.1.37,49703,8080,tcp,-,REJ,192.168.1.193->192.168.1.37
29607,0,backdoor,0.9999998994676856,0,backdoor,192.168.1.193,192.168.1.37,49692,8080,tcp,-,REJ,192.168.1.193->192.168.1.37
7967,0,backdoor,0.9999998994159683,0,backdoor,192.168.1.193,192.168.1.37,49831,8080,tcp,-,REJ,192.168.1.193->192.168.1.37
1448,0,backdoor,0.9999998994159683,0,backdoor,192.168.1.193,192.168.1.37,49849,8080,tcp,-,REJ,192.168.1.193->192.168.1.37
27186,0,backdoor,0.9999998992065282,0,backdoor,192.168.1.193,192.168.1.37,49558,8080,tcp,-,REJ,192.168.1.193->192.168.1.37
33443,0,backdoor,0.9999998992065282,0,backdoor,192.168.1.193,192.168.1.37,49573,8080,tcp,-,REJ,192.168.1.193->192.168.1.37
4660,0,backdoor,0.9999998992065282,0,backdoor,192.168.1.193,192.168.1.37,49554,8080,tcp,-,REJ,192.168.1.193->192.168.1.37
31327,0,backdoor,0.9999998992065282,0,backdoor,192.168.1.193,192.168.1.37,49566,8080,tcp,-,REJ,192.168.1.193->192.168.1.37
29624,0,backdoor,0.9999998992065282,0,backdoor,192.168.1.193,192.168.1.37,49590,8080,tcp,-,REJ,192.168.1.193->192.168.1.37
13211,0,backdoor,0.9999998992065282,0,backdoor,192.168.1.193,192.168.1.37,49568,8080,tcp,-,REJ,192.168.1.193->192.168.1.37
17852,0,backdoor,0.9999998992065282,0,backdoor,192.168.1.193,192.168.1.37,49558,8080,tcp,-,REJ,192.168.1.193->192.168.1.37
10592,0,backdoor,0.9999998992065282,0,backdoor,192.168.1.193,192.168.1.37,49566,8080,tcp,-,REJ,192.168.1.193->192.168.1.37
21514,0,backdoor,0.9999998992065282,0,backdoor,192.168.1.193,192.168.1.37,49590,8080,tcp,-,REJ,192.168.1.193->192.168.1.37
37159,0,backdoor,0.9999998991999337,0,backdoor,192.168.1.193,192.168.1.37,49728,8080,tcp,-,REJ,192.168.1.193->192.168.1.37
12535,0,backdoor,0.9999998990517305,0,backdoor,192.168.1.193,192.168.1.37,49709,8080,tcp,-,REJ,192.168.1.193->192.168.1.37
31512,0,backdoor,0.9999998990353403,0,backdoor,192.168.1.193,192.168.1.37,49654,8080,tcp,-,REJ,192.168.1.193->192.168.1.37
15884,0,backdoor,0.9999998990353403,0,backdoor,192.168.1.193,192.168.1.37,49657,8080,tcp,-,REJ,192.168.1.193->192.168.1.37
36309,0,backdoor,0.9999998990353403,0,backdoor,192.168.1.193,192.168.1.37,49652,8080,tcp,-,REJ,192.168.1.193->192.168.1.37
3421,0,backdoor,0.9999998990353403,0,backdoor,192.168.1.193,192.168.1.37,49660,8080,tcp,-,REJ,192.168.1.193->192.168.1.37
33815,0,backdoor,0.9999998990353403,0,backdoor,192.168.1.193,192.168.1.37,49643,8080,tcp,-,REJ,192.168.1.193->192.168.1.37
5605,0,backdoor,0.9999998990172614,0,backdoor,192.168.1.193,192.168.1.37,49778,8080,tcp,-,REJ,192.168.1.193->192.168.1.37
14476,0,backdoor,0.9999998989346754,0,backdoor,192.168.1.193,192.168.1.37,49703,8080,tcp,-,REJ,192.168.1.193->192.168.1.37
23545,0,backdoor,0.9999998989346754,0,backdoor,192.168.1.193,192.168.1.37,49703,8080,tcp,-,REJ,192.168.1.193->192.168.1.37
6277,0,backdoor,0.9999998989346754,0,backdoor,192.168.1.193,192.168.1.37,49699,8080,tcp,-,REJ,192.168.1.193->192.168.1.37
15213,0,backdoor,0.9999998987553964,0,backdoor,192.168.1.193,192.168.1.37,49683,8080,tcp,-,REJ,192.168.1.193->192.168.1.37
8424,0,backdoor,0.9999998987553964,0,backdoor,192.168.1.193,192.168.1.37,49679,8080,tcp,-,REJ,192.168.1.193->192.168.1.37
16014,0,backdoor,0.999999898750848,0,backdoor,192.168.1.193,192.168.1.37,49681,8080,tcp,-,REJ,192.168.1.193->192.168.1.37
26719,0,backdoor,0.999999898750848,0,backdoor,192.168.1.193,192.168.1.37,49676,8080,tcp,-,REJ,192.168.1.193->192.168.1.37
7203,0,backdoor,0.9999998986684371,0,backdoor,192.168.1.193,192.168.1.37,49843,8080,tcp,-,REJ,192.168.1.193->192.168.1.37
8825,0,backdoor,0.9999998986684371,0,backdoor,192.168.1.193,192.168.1.37,49833,8080,tcp,-,REJ,192.168.1.193->192.168.1.37
26322,0,backdoor,0.9999998986684371,0,backdoor,192.168.1.193,192.168.1.37,49812,8080,tcp,-,REJ,192.168.1.193->192.168.1.37
29376,0,backdoor,0.9999998986684371,0,backdoor,192.168.1.193,192.168.1.37,49807,8080,tcp,-,REJ,192.168.1.193->192.168.1.37
2054,0,backdoor,0.9999998986684371,0,backdoor,192.168.1.193,192.168.1.37,49819,8080,tcp,-,REJ,192.168.1.193->192.168.1.37
10739,0,backdoor,0.9999998986417585,0,backdoor,192.168.1.193,192.168.1.37,49696,8080,tcp,-,REJ,192.168.1.193->192.168.1.37
14853,0,backdoor,0.9999998986417585,0,backdoor,192.168.1.193,192.168.1.37,49706,8080,tcp,-,REJ,192.168.1.193->192.168.1.37
33751,0,backdoor,0.9999998986417585,0,backdoor,192.168.1.193,192.168.1.37,49703,8080,tcp,-,REJ,192.168.1.193->192.168.1.37
11690,0,backdoor,0.9999998986417585,0,backdoor,192.168.1.193,192.168.1.37,49699,8080,tcp,-,REJ,192.168.1.193->192.168.1.37
34364,0,backdoor,0.9999998985573698,0,backdoor,192.168.1.193,192.168.1.37,49703,8080,tcp,-,REJ,192.168.1.193->192.168.1.37
20626,0,backdoor,0.9999998985353448,0,backdoor,192.168.1.193,192.168.1.37,49763,8080,tcp,-,REJ,192.168.1.193->192.168.1.37
3593,0,backdoor,0.9999998984699577,0,backdoor,192.168.1.193,192.168.1.37,49706,8080,tcp,-,REJ,192.168.1.193->192.168.1.37
22838,0,backdoor,0.9999998984557651,0,backdoor,192.168.1.193,192.168.1.37,49725,8080,tcp,-,REJ,192.168.1.193->192.168.1.37
3731,0,backdoor,0.9999998984557651,0,backdoor,192.168.1.193,192.168.1.37,49721,8080,tcp,-,REJ,192.168.1.193->192.168.1.37
3024,0,backdoor,0.9999998984341051,0,backdoor,192.168.1.193,192.168.1.37,49616,8080,tcp,-,REJ,192.168.1.193->192.168.1.37
33788,0,backdoor,0.9999998984341051,0,backdoor,192.168.1.193,192.168.1.37,49614,8080,tcp,-,REJ,192.168.1.193->192.168.1.37
36785,0,backdoor,0.9999998984341051,0,backdoor,192.168.1.193,192.168.1.37,49631,8080,tcp,-,REJ,192.168.1.193->192.168.1.37
1792,0,backdoor,0.9999998984341051,0,backdoor,192.168.1.193,192.168.1.37,49626,8080,tcp,-,REJ,192.168.1.193->192.168.1.37
708,0,backdoor,0.9999998984341051,0,backdoor,192.168.1.193,192.168.1.37,49623,8080,tcp,-,REJ,192.168.1.193->192.168.1.37
17321,0,backdoor,0.9999998984341051,0,backdoor,192.168.1.193,192.168.1.37,49635,8080,tcp,-,REJ,192.168.1.193->192.168.1.37
14068,0,backdoor,0.9999998984341051,0,backdoor,192.168.1.193,192.168.1.37,49628,8080,tcp,-,REJ,192.168.1.193->192.168.1.37
1347,0,backdoor,0.9999998984341051,0,backdoor,192.168.1.193,192.168.1.37,49633,8080,tcp,-,REJ,192.168.1.193->192.168.1.37
18694,0,backdoor,0.9999998984341051,0,backdoor,192.168.1.193,192.168.1.37,49621,8080,tcp,-,REJ,192.168.1.193->192.168.1.37
8097,0,backdoor,0.9999998984341051,0,backdoor,192.168.1.193,192.168.1.37,49621,8080,tcp,-,REJ,192.168.1.193->192.168.1.37
14172,0,backdoor,0.9999998984341051,0,backdoor,192.168.1.193,192.168.1.37,49618,8080,tcp,-,REJ,192.168.1.193->192.168.1.37
4545,0,backdoor,0.9999998983848019,0,backdoor,192.168.1.193,192.168.1.37,49703,8080,tcp,-,REJ,192.168.1.193->192.168.1.37
26727,0,backdoor,0.9999998983848019,0,backdoor,192.168.1.193,192.168.1.37,49709,8080,tcp,-,REJ,192.168.1.193->192.168.1.37
26577,0,backdoor,0.9999998981171675,0,backdoor,192.168.1.193,192.168.1.37,49544,8080,tcp,-,REJ,192.168.1.193->192.168.1.37
19820,6,ransomware,0.9999998980004126,6,ransomware,192.168.1.37,192.168.1.193,34899,445,tcp,-,OTH,192.168.1.37->192.168.1.193
15530,6,ransomware,0.9999998965235837,6,ransomware,192.168.1.33,192.168.1.193,35709,445,tcp,-,OTH,192.168.1.33->192.168.1.193
18085,6,ransomware,0.9999998965235837,6,ransomware,192.168.1.37,192.168.1.193,35641,445,tcp,-,OTH,192.168.1.37->192.168.1.193
37085,6,ransomware,0.9999998940491094,6,ransomware,192.168.1.37,192.168.1.193,43429,445,tcp,-,OTH,192.168.1.37->192.168.1.193
28279,6,ransomware,0.9999998937093224,6,ransomware,192.168.1.33,192.168.1.193,34733,445,tcp,-,OTH,192.168.1.33->192.168.1.193
27739,6,ransomware,0.9999998934570593,6,ransomware,192.168.1.37,192.168.1.193,34537,445,tcp,-,OTH,192.168.1.37->192.168.1.193
36107,6,ransomware,0.9999998920751817,6,ransomware,192.168.1.33,192.168.1.193,35781,445,tcp,-,OTH,192.168.1.33->192.168.1.193
25752,6,ransomware,0.9999998903555791,6,ransomware,192.168.1.37,192.168.1.193,43763,445,tcp,-,OTH,192.168.1.37->192.168.1.193
5243,0,backdoor,0.9999998892549733,0,backdoor,192.168.1.193,192.168.1.33,49373,8080,tcp,-,REJ,192.168.1.193->192.168.1.33
2839,0,backdoor,0.9999998888047054,0,backdoor,192.168.1.193,192.168.1.33,49374,8080,tcp,-,REJ,192.168.1.193->192.168.1.33
2444,0,backdoor,0.9999998887515035,0,backdoor,192.168.1.193,192.168.1.33,49373,8080,tcp,-,REJ,192.168.1.193->192.168.1.33
2493,0,backdoor,0.9999998887515035,0,backdoor,192.168.1.193,192.168.1.33,49373,8080,tcp,-,REJ,192.168.1.193->192.168.1.33
14107,0,backdoor,0.9999998887515035,0,backdoor,192.168.1.193,192.168.1.33,49373,8080,tcp,-,REJ,192.168.1.193->192.168.1.33
8175,0,backdoor,0.9999998887515035,0,backdoor,192.168.1.193,192.168.1.33,49374,8080,tcp,-,REJ,192.168.1.193->192.168.1.33
15685,0,backdoor,0.9999998887515035,0,backdoor,192.168.1.193,192.168.1.33,49371,8080,tcp,-,REJ,192.168.1.193->192.168.1.33
11698,0,backdoor,0.9999998887465052,0,backdoor,192.168.1.193,192.168.1.33,49373,8080,tcp,-,REJ,192.168.1.193->192.168.1.33
2016,0,backdoor,0.9999998886756774,0,backdoor,192.168.1.193,192.168.1.33,49371,8080,tcp,-,REJ,192.168.1.193->192.168.1.33
24975,6,ransomware,0.9999998886379953,6,ransomware,192.168.1.33,192.168.1.193,35613,445,tcp,-,OTH,192.168.1.33->192.168.1.193
7418,0,backdoor,0.99999988836208,0,backdoor,192.168.1.193,192.168.1.33,49373,8080,tcp,-,REJ,192.168.1.193->192.168.1.33
17713,6,ransomware,0.9999998865399513,6,ransomware,192.168.1.37,192.168.1.193,41375,445,tcp,-,OTH,192.168.1.37->192.168.1.193
5079,6,ransomware,0.9999998862719179,6,ransomware,192.168.1.37,192.168.1.193,44839,445,tcp,-,OTH,192.168.1.37->192.168.1.193
21599,6,ransomware,0.9999998847374962,6,ransomware,192.168.1.37,192.168.1.193,44875,445,tcp,-,OTH,192.168.1.37->192.168.1.193
5955,6,ransomware,0.9999998847374962,6,ransomware,192.168.1.33,192.168.1.193,44931,445,tcp,-,OTH,192.168.1.33->192.168.1.193
33702,6,ransomware,0.9999998840342404,6,ransomware,192.168.1.37,192.168.1.193,36775,445,tcp,-,OTH,192.168.1.37->192.168.1.193
25208,6,ransomware,0.9999998840287153,6,ransomware,192.168.1.33,192.168.1.193,37747,445,tcp,-,OTH,192.168.1.33->192.168.1.193
5383,6,ransomware,0.999999883448617,6,ransomware,192.168.1.33,192.168.1.193,45165,445,tcp,-,OTH,192.168.1.33->192.168.1.193
23064,6,ransomware,0.9999998810980707,6,ransomware,192.168.1.33,192.168.1.193,45485,445,tcp,-,OTH,192.168.1.33->192.168.1.193
17888,6,ransomware,0.9999998806163122,6,ransomware,192.168.1.33,192.168.1.193,42781,445,tcp,-,OTH,192.168.1.33->192.168.1.193
29512,6,ransomware,0.9999998806163122,6,ransomware,192.168.1.37,192.168.1.193,42777,445,tcp,-,OTH,192.168.1.37->192.168.1.193
4204,6,ransomware,0.9999998805604877,6,ransomware,192.168.1.33,192.168.1.193,36243,445,tcp,-,OTH,192.168.1.33->192.168.1.193
17565,6,ransomware,0.9999998805604877,6,ransomware,192.168.1.37,192.168.1.193,36199,445,tcp,-,OTH,192.168.1.37->192.168.1.193
1474,6,ransomware,0.9999998805066582,6,ransomware,192.168.1.37,192.168.1.193,35641,445,tcp,-,OTH,192.168.1.37->192.168.1.193
18461,6,ransomware,0.9999998797117058,6,ransomware,192.168.1.37,192.168.1.193,38339,445,tcp,-,OTH,192.168.1.37->192.168.1.193
28753,6,ransomware,0.9999998797117058,6,ransomware,192.168.1.37,192.168.1.193,38341,445,tcp,-,OTH,192.168.1.37->192.168.1.193
18555,6,ransomware,0.9999998796541685,6,ransomware,192.168.1.33,192.168.1.193,36321,445,tcp,-,OTH,192.168.1.33->192.168.1.193
2525,6,ransomware,0.9999998785259542,6,ransomware,192.168.1.33,192.168.1.193,33643,445,tcp,-,OTH,192.168.1.33->192.168.1.193
17138,6,ransomware,0.9999998785232506,6,ransomware,192.168.1.33,192.168.1.193,36347,445,tcp,-,OTH,192.168.1.33->192.168.1.193
13817,6,ransomware,0.9999998785232506,6,ransomware,192.168.1.33,192.168.1.193,36371,445,tcp,-,OTH,192.168.1.33->192.168.1.193
27581,6,ransomware,0.9999998779867336,6,ransomware,192.168.1.33,192.168.1.193,35781,445,tcp,-,OTH,192.168.1.33->192.168.1.193
28035,6,ransomware,0.9999998775693505,6,ransomware,192.168.1.33,192.168.1.193,45715,445,tcp,-,OTH,192.168.1.33->192.168.1.193
28858,6,ransomware,0.9999998775310251,6,ransomware,192.168.1.37,192.168.1.193,35641,445,tcp,-,OTH,192.168.1.37->192.168.1.193
11423,6,ransomware,0.9999998775310251,6,ransomware,192.168.1.33,192.168.1.193,35709,445,tcp,-,OTH,192.168.1.33->192.168.1.193
14192,6,ransomware,0.9999998773055132,6,ransomware,192.168.1.33,192.168.1.193,43209,445,tcp,-,OTH,192.168.1.33->192.168.1.193
32152,6,ransomware,0.9999998773055132,6,ransomware,192.168.1.37,192.168.1.193,43269,445,tcp,-,OTH,192.168.1.37->192.168.1.193
11128,6,ransomware,0.9999998771490828,6,ransomware,192.168.1.33,192.168.1.193,42451,445,tcp,-,OTH,192.168.1.33->192.168.1.193
7832,6,ransomware,0.9999998771490828,6,ransomware,192.168.1.37,192.168.1.193,42461,445,tcp,-,OTH,192.168.1.37->192.168.1.193
22829,6,ransomware,0.9999998771490828,6,ransomware,192.168.1.37,192.168.1.193,42355,445,tcp,-,OTH,192.168.1.37->192.168.1.193
18254,6,ransomware,0.9999998767851707,6,ransomware,192.168.1.33,192.168.1.193,41145,445,tcp,-,OTH,192.168.1.33->192.168.1.193
5606,6,ransomware,0.9999998766984578,6,ransomware,192.168.1.33,192.168.1.193,37833,445,tcp,-,OTH,192.168.1.33->192.168.1.193
17199,6,ransomware,0.9999998766058805,6,ransomware,192.168.1.37,192.168.1.193,44809,445,tcp,-,OTH,192.168.1.37->192.168.1.193
9692,6,ransomware,0.9999998763801559,6,ransomware,192.168.1.37,192.168.1.193,35685,445,tcp,-,OTH,192.168.1.37->192.168.1.193
14968,6,ransomware,0.9999998759574008,6,ransomware,192.168.1.37,192.168.1.193,44875,445,tcp,-,OTH,192.168.1.37->192.168.1.193
16397,6,ransomware,0.9999998759574008,6,ransomware,192.168.1.33,192.168.1.193,44915,445,tcp,-,OTH,192.168.1.33->192.168.1.193
12928,6,ransomware,0.9999998757579861,6,ransomware,192.168.1.37,192.168.1.193,34537,445,tcp,-,OTH,192.168.1.37->192.168.1.193
2290,6,ransomware,0.9999998756604852,6,ransomware,192.168.1.37,192.168.1.193,44217,445,tcp,-,OTH,192.168.1.37->192.168.1.193
1651,6,ransomware,0.9999998756408325,6,ransomware,192.168.1.37,192.168.1.193,38747,445,tcp,-,OTH,192.168.1.37->192.168.1.193
13757,6,ransomware,0.999999875483248,6,ransomware,192.168.1.33,192.168.1.193,41145,445,tcp,-,OTH,192.168.1.33->192.168.1.193
35392,6,ransomware,0.9999998753769626,6,ransomware,192.168.1.37,192.168.1.193,38435,445,tcp,-,OTH,192.168.1.37->192.168.1.193
4329,6,ransomware,0.9999998752372858,6,ransomware,192.168.1.37,192.168.1.193,38851,445,tcp,-,OTH,192.168.1.37->192.168.1.193
21439,6,ransomware,0.9999998750886229,6,ransomware,192.168.1.33,192.168.1.193,35709,445,tcp,-,OTH,192.168.1.33->192.168.1.193
13737,6,ransomware,0.9999998740612067,6,ransomware,192.168.1.37,192.168.1.193,38341,445,tcp,-,OTH,192.168.1.37->192.168.1.193
29113,6,ransomware,0.9999998707290348,6,ransomware,192.168.1.33,192.168.1.193,37747,445,tcp,-,OTH,192.168.1.33->192.168.1.193
5547,6,ransomware,0.99999987071451,6,ransomware,192.168.1.37,192.168.1.193,44229,445,tcp,-,OTH,192.168.1.37->192.168.1.193
20055,6,ransomware,0.9999998702086659,6,ransomware,192.168.1.37,192.168.1.193,44875,445,tcp,-,OTH,192.168.1.37->192.168.1.193
27090,6,ransomware,0.9999998702086659,6,ransomware,192.168.1.37,192.168.1.193,44963,445,tcp,-,OTH,192.168.1.37->192.168.1.193
37611,6,ransomware,0.9999998702086659,6,ransomware,192.168.1.33,192.168.1.193,44915,445,tcp,-,OTH,192.168.1.33->192.168.1.193
16466,6,ransomware,0.9999998701407751,6,ransomware,192.168.1.33,192.168.1.193,44915,445,tcp,-,OTH,192.168.1.33->192.168.1.193
11846,6,ransomware,0.9999998701407751,6,ransomware,192.168.1.37,192.168.1.193,44963,445,tcp,-,OTH,192.168.1.37->192.168.1.193
8316,6,ransomware,0.9999998682578977,6,ransomware,192.168.1.37,192.168.1.193,43495,445,tcp,-,OTH,192.168.1.37->192.168.1.193
15168,6,ransomware,0.9999998677731791,6,ransomware,192.168.1.37,192.168.1.193,38851,445,tcp,-,OTH,192.168.1.37->192.168.1.193
24607,6,ransomware,0.9999998677731791,6,ransomware,192.168.1.33,192.168.1.193,38807,445,tcp,-,OTH,192.168.1.33->192.168.1.193
24593,6,ransomware,0.9999998675437782,6,ransomware,192.168.1.37,192.168.1.193,38747,445,tcp,-,OTH,192.168.1.37->192.168.1.193
28454,6,ransomware,0.9999998675010457,6,ransomware,192.168.1.37,192.168.1.193,34277,445,tcp,-,OTH,192.168.1.37->192.168.1.193
2990,6,ransomware,0.9999998673003373,6,ransomware,192.168.1.33,192.168.1.193,43877,445,tcp,-,OTH,192.168.1.33->192.168.1.193
23591,6,ransomware,0.9999998673003373,6,ransomware,192.168.1.33,192.168.1.193,43871,445,tcp,-,OTH,192.168.1.33->192.168.1.193
18094,6,ransomware,0.9999998673003373,6,ransomware,192.168.1.33,192.168.1.193,43901,445,tcp,-,OTH,192.168.1.33->192.168.1.193
16719,6,ransomware,0.9999998673003373,6,ransomware,192.168.1.33,192.168.1.193,43923,445,tcp,-,OTH,192.168.1.33->192.168.1.193
7301,6,ransomware,0.999999866239668,6,ransomware,192.168.1.37,192.168.1.193,37039,445,tcp,-,OTH,192.168.1.37->192.168.1.193
9871,6,ransomware,0.9999998660129379,6,ransomware,192.168.1.33,192.168.1.193,41003,445,tcp,-,OTH,192.168.1.33->192.168.1.193
9239,6,ransomware,0.9999998658437679,6,ransomware,192.168.1.37,192.168.1.193,45077,445,tcp,-,OTH,192.168.1.37->192.168.1.193
35269,6,ransomware,0.9999998658437679,6,ransomware,192.168.1.33,192.168.1.193,45149,445,tcp,-,OTH,192.168.1.33->192.168.1.193
3689,6,ransomware,0.9999998658091662,6,ransomware,192.168.1.33,192.168.1.193,44381,445,tcp,-,OTH,192.168.1.33->192.168.1.193
16150,6,ransomware,0.9999998655064456,6,ransomware,192.168.1.33,192.168.1.193,45191,445,tcp,-,OTH,192.168.1.33->192.168.1.193
19076,7,scanning,0.9999974330597519,7,scanning,192.168.1.31,192.168.1.250,50948,6389,tcp,-,REJ,192.168.1.31->192.168.1.250
7395,5,password,0.9999973809512512,5,password,192.168.1.30,192.168.1.184,56346,21,tcp,-,REJ,192.168.1.30->192.168.1.184
1703,7,scanning,0.9999973777022428,7,scanning,192.168.1.31,192.168.1.250,50945,7625,tcp,-,REJ,192.168.1.31->192.168.1.250
19701,5,password,0.9999972379895575,5,password,192.168.1.31,192.168.1.152,56354,21,tcp,-,REJ,192.168.1.31->192.168.1.152
13291,5,password,0.9999972379895575,5,password,192.168.1.31,192.168.1.152,56352,21,tcp,-,REJ,192.168.1.31->192.168.1.152
2466,5,password,0.9999972244102407,5,password,192.168.1.30,192.168.1.184,56452,21,tcp,-,REJ,192.168.1.30->192.168.1.184
32356,5,password,0.9999971835578567,5,password,192.168.1.31,192.168.1.184,35126,21,tcp,-,REJ,192.168.1.31->192.168.1.184
37613,5,password,0.9999971128477486,5,password,192.168.1.30,192.168.1.184,56312,21,tcp,-,REJ,192.168.1.30->192.168.1.184
32495,5,password,0.9999970545073507,5,password,192.168.1.31,192.168.1.184,56326,21,tcp,-,REJ,192.168.1.31->192.168.1.184
24218,5,password,0.9999970228312334,5,password,192.168.1.31,192.168.1.184,55154,21,tcp,-,REJ,192.168.1.31->192.168.1.184
9480,5,password,0.9999970179780096,5,password,192.168.1.30,192.168.1.184,54924,21,tcp,-,REJ,192.168.1.30->192.168.1.184
12542,5,password,0.9999970091033412,5,password,192.168.1.31,192.168.1.193,55428,21,tcp,-,REJ,192.168.1.31->192.168.1.193
31849,5,password,0.9999970091033412,5,password,192.168.1.31,192.168.1.152,55410,21,tcp,-,REJ,192.168.1.31->192.168.1.152
12668,5,password,0.9999970091033412,5,password,192.168.1.30,192.168.1.184,55478,21,tcp,-,REJ,192.168.1.30->192.168.1.184
33539,5,password,0.9999970065199945,5,password,192.168.1.31,192.168.1.193,56596,21,tcp,-,REJ,192.168.1.31->192.168.1.193
30394,5,password,0.9999970065199945,5,password,192.168.1.31,192.168.1.184,56558,21,tcp,-,REJ,192.168.1.31->192.168.1.184
20982,5,password,0.999996980636569,5,password,192.168.1.31,192.168.1.152,54988,21,tcp,-,REJ,192.168.1.31->192.168.1.152
5336,5,password,0.9999969798286995,5,password,192.168.1.30,192.168.1.184,55518,21,tcp,-,REJ,192.168.1.30->192.168.1.184
27122,5,password,0.9999969431476988,5,password,192.168.1.31,192.168.1.184,55352,21,tcp,-,REJ,192.168.1.31->192.168.1.184
5335,5,password,0.9999969431476988,5,password,192.168.1.31,192.168.1.152,55222,21,tcp,-,REJ,192.168.1.31->192.168.1.152
8851,5,password,0.9999969283648807,5,password,192.168.1.31,192.168.1.152,55096,21,tcp,-,REJ,192.168.1.31->192.168.1.152
4486,5,password,0.9999969217834018,5,password,192.168.1.30,192.168.1.193,54818,21,tcp,-,REJ,192.168.1.30->192.168.1.193
17738,7,scanning,0.9999969078747928,7,scanning,192.168.1.31,192.168.1.250,50945,683,tcp,-,REJ,192.168.1.31->192.168.1.250
6476,5,password,0.9999968777314794,5,password,192.168.1.31,192.168.1.193,56564,21,tcp,-,REJ,192.168.1.31->192.168.1.193
1869,5,password,0.999996833159873,5,password,192.168.1.30,192.168.1.184,52920,21,tcp,-,REJ,192.168.1.30->192.168.1.184
594,5,password,0.9999968188793825,5,password,192.168.1.31,192.168.1.152,54866,21,tcp,-,REJ,192.168.1.31->192.168.1.152
15954,5,password,0.9999967966242825,5,password,192.168.1.31,192.168.1.193,55128,21,tcp,-,REJ,192.168.1.31->192.168.1.193
18905,5,password,0.9999967793881079,5,password,192.168.1.31,192.168.1.152,47712,21,tcp,-,REJ,192.168.1.31->192.168.1.152
6871,7,scanning,0.9999967697573571,7,scanning,192.168.1.31,192.168.1.133,50945,5800,tcp,-,REJ,192.168.1.31->192.168.1.133
25953,5,password,0.9999967608564613,5,password,192.168.1.31,192.168.1.152,47564,21,tcp,-,REJ,192.168.1.31->192.168.1.152
3295,5,password,0.9999967557734274,5,password,192.168.1.31,192.168.1.184,55036,21,tcp,-,REJ,192.168.1.31->192.168.1.184
33966,7,scanning,0.9999967428058071,7,scanning,192.168.1.31,192.168.1.133,50945,1107,tcp,-,REJ,192.168.1.31->192.168.1.133
25080,5,password,0.9999967201354257,5,password,192.168.1.30,192.168.1.152,47562,21,tcp,-,REJ,192.168.1.30->192.168.1.152
16353,7,scanning,0.9999966581820954,7,scanning,192.168.1.32,192.168.1.152,53921,3800,tcp,-,REJ,192.168.1.32->192.168.1.152
26772,5,password,0.9999966368511001,5,password,192.168.1.30,192.168.1.193,55242,21,tcp,-,REJ,192.168.1.30->192.168.1.193
6408,5,password,0.9999966251217957,5,password,192.168.1.31,192.168.1.193,34378,21,tcp,-,REJ,192.168.1.31->192.168.1.193
10252,5,password,0.999996592711065,5,password,192.168.1.31,192.168.1.193,53026,21,tcp,-,REJ,192.168.1.31->192.168.1.193
3112,5,password,0.9999965914153244,5,password,192.168.1.31,192.168.1.193,43054,21,tcp,-,REJ,192.168.1.31->192.168.1.193
18988,5,password,0.999996575195643,5,password,192.168.1.31,192.168.1.152,51264,21,tcp,-,REJ,192.168.1.31->192.168.1.152
31806,5,password,0.9999965746659919,5,password,192.168.1.31,192.168.1.152,55618,21,tcp,-,REJ,192.168.1.31->192.168.1.152
16913,5,password,0.9999965620351197,5,password,192.168.1.31,192.168.1.152,51234,21,tcp,-,REJ,192.168.1.31->192.168.1.152
24269,7,scanning,0.9999965510330178,7,scanning,192.168.1.30,192.168.1.190,50568,9877,tcp,-,REJ,192.168.1.30->192.168.1.190
20656,5,password,0.9999965388022487,5,password,192.168.1.30,192.168.1.193,50790,21,tcp,-,REJ,192.168.1.30->192.168.1.193
35045,5,password,0.9999965388022487,5,password,192.168.1.30,192.168.1.193,50766,21,tcp,-,REJ,192.168.1.30->192.168.1.193
31543,5,password,0.999996534111826,5,password,192.168.1.30,192.168.1.193,50798,21,tcp,-,REJ,192.168.1.30->192.168.1.193
22057,5,password,0.9999965141285592,5,password,192.168.1.30,192.168.1.193,42920,21,tcp,-,REJ,192.168.1.30->192.168.1.193
10947,5,password,0.9999965105121557,5,password,192.168.1.30,192.168.1.152,50794,21,tcp,-,REJ,192.168.1.30->192.168.1.152
1419,5,password,0.9999965090252148,5,password,192.168.1.30,192.168.1.184,51148,21,tcp,-,REJ,192.168.1.30->192.168.1.184
33180,5,password,0.9999964991960707,5,password,192.168.1.30,192.168.1.193,50902,21,tcp,-,REJ,192.168.1.30->192.168.1.193
26244,5,password,0.999996485972121,5,password,192.168.1.30,192.168.1.193,42900,21,tcp,-,REJ,192.168.1.30->192.168.1.193
30694,5,password,0.9999964643128902,5,password,192.168.1.30,192.168.1.152,41380,21,tcp,-,REJ,192.168.1.30->192.168.1.152
8933,7,scanning,0.9999964586029475,7,scanning,192.168.1.31,192.168.1.133,50945,9050,tcp,-,REJ,192.168.1.31->192.168.1.133
22456,5,password,0.9999964306297875,5,password,192.168.1.30,192.168.1.184,47084,21,tcp,-,REJ,192.168.1.30->192.168.1.184
27590,5,password,0.9999964289157997,5,password,192.168.1.30,192.168.1.193,51388,21,tcp,-,REJ,192.168.1.30->192.168.1.193
1176,5,password,0.9999964003631583,5,password,192.168.1.30,192.168.1.193,52974,21,tcp,-,REJ,192.168.1.30->192.168.1.193
34271,5,password,0.9999963966653125,5,password,192.168.1.30,192.168.1.193,47310,21,tcp,-,REJ,192.168.1.30->192.168.1.193
28686,5,password,0.9999963966653125,5,password,192.168.1.30,192.168.1.193,47384,21,tcp,-,REJ,192.168.1.30->192.168.1.193
35647,5,password,0.999996396501965,5,password,192.168.1.30,192.168.1.152,42674,21,tcp,-,REJ,192.168.1.30->192.168.1.152
7220,5,password,0.9999963962574764,5,password,192.168.1.31,192.168.1.152,42330,21,tcp,-,REJ,192.168.1.31->192.168.1.152
11050,5,password,0.9999963939124997,5,password,192.168.1.30,192.168.1.184,52452,21,tcp,-,REJ,192.168.1.30->192.168.1.184
9794,7,scanning,0.99999638173867,7,scanning,192.168.1.30,192.168.1.133,50567,8001,tcp,-,REJ,192.168.1.30->192.168.1.133
26847,5,password,0.9999963637086012,5,password,192.168.1.30,192.168.1.152,47134,21,tcp,-,REJ,192.168.1.30->192.168.1.152
35904,5,password,0.9999963583066002,5,password,192.168.1.31,192.168.1.152,47934,21,tcp,-,REJ,192.168.1.31->192.168.1.152
1886,7,scanning,0.9999963539288711,7,scanning,192.168.1.31,192.168.1.133,50945,3828,tcp,-,REJ,192.168.1.31->192.168.1.133
33467,5,password,0.9999963508281677,5,password,192.168.1.30,192.168.1.184,34398,21,tcp,-,REJ,192.168.1.30->192.168.1.184
18485,5,password,0.9999963494474783,5,password,192.168.1.30,192.168.1.184,47370,21,tcp,-,REJ,192.168.1.30->192.168.1.184
2403,5,password,0.9999963490864797,5,password,192.168.1.30,192.168.1.184,52980,21,tcp,-,REJ,192.168.1.30->192.168.1.184
4051,5,password,0.9999963480062253,5,password,192.168.1.30,192.168.1.152,42940,21,tcp,-,REJ,192.168.1.30->192.168.1.152
27276,5,password,0.9999963471809992,5,password,192.168.1.30,192.168.1.152,46278,21,tcp,-,REJ,192.168.1.30->192.168.1.152
27327,5,password,0.9999963471042902,5,password,192.168.1.30,192.168.1.184,52332,21,tcp,-,REJ,192.168.1.30->192.168.1.184
25965,5,password,0.9999963468833584,5,password,192.168.1.30,192.168.1.193,42330,21,tcp,-,REJ,192.168.1.30->192.168.1.193
15686,5,password,0.999996346418973,5,password,192.168.1.31,192.168.1.152,43320,21,tcp,-,REJ,192.168.1.31->192.168.1.152
6605,5,password,0.9999963464100167,5,password,192.168.1.30,192.168.1.152,47014,21,tcp,-,REJ,192.168.1.30->192.168.1.152
2814,7,scanning,0.9999963308883798,7,scanning,192.168.1.32,192.168.1.152,53921,8021,tcp,-,REJ,192.168.1.32->192.168.1.152
13227,7,scanning,0.99999632938896,7,scanning,192.168.1.32,192.168.1.79,53921,6667,tcp,-,REJ,192.168.1.32->192.168.1.79
5784,5,password,0.999996322092145,5,password,192.168.1.30,192.168.1.152,46140,21,tcp,-,REJ,192.168.1.30->192.168.1.152
7454,5,password,0.9999963160850595,5,password,192.168.1.30,192.168.1.193,52200,21,tcp,-,REJ,192.168.1.30->192.168.1.193
31366,5,password,0.999996315549922,5,password,192.168.1.31,192.168.1.184,41484,21,tcp,-,REJ,192.168.1.31->192.168.1.184
19160,5,password,0.9999963090407819,5,password,192.168.1.30,192.168.1.152,47984,21,tcp,-,REJ,192.168.1.30->192.168.1.152
9281,5,password,0.9999963078842451,5,password,192.168.1.31,192.168.1.152,42994,21,tcp,-,REJ,192.168.1.31->192.168.1.152
12208,5,password,0.999996304415529,5,password,192.168.1.30,192.168.1.152,41378,21,tcp,-,REJ,192.168.1.30->192.168.1.152
37119,5,password,0.9999963043812662,5,password,192.168.1.30,192.168.1.152,41446,21,tcp,-,REJ,192.168.1.30->192.168.1.152
52,5,password,0.9999962988875718,5,password,192.168.1.30,192.168.1.193,46308,21,tcp,-,REJ,192.168.1.30->192.168.1.193
34754,5,password,0.9999962914957469,5,password,192.168.1.30,192.168.1.193,43016,21,tcp,-,REJ,192.168.1.30->192.168.1.193
30541,5,password,0.9999962732353053,5,password,192.168.1.31,192.168.1.152,50890,21,tcp,-,REJ,192.168.1.31->192.168.1.152
37075,5,password,0.9999962719841976,5,password,192.168.1.31,192.168.1.152,52240,21,tcp,-,REJ,192.168.1.31->192.168.1.152
2732,5,password,0.999996269790329,5,password,192.168.1.31,192.168.1.193,35456,21,tcp,-,REJ,192.168.1.31->192.168.1.193
23472,5,password,0.9999962647352533,5,password,192.168.1.31,192.168.1.184,57022,21,tcp,-,REJ,192.168.1.31->192.168.1.184
27194,5,password,0.9999962375227466,5,password,192.168.1.31,192.168.1.184,39010,21,tcp,-,REJ,192.168.1.31->192.168.1.184
12449,5,password,0.9999962252434604,5,password,192.168.1.31,192.168.1.193,35846,21,tcp,-,REJ,192.168.1.31->192.168.1.193
35966,5,password,0.9999962199767579,5,password,192.168.1.31,192.168.1.193,34444,21,tcp,-,REJ,192.168.1.31->192.168.1.193
36826,5,password,0.9999962025429336,5,password,192.168.1.31,192.168.1.184,43372,21,tcp,-,REJ,192.168.1.31->192.168.1.184
5498,7,scanning,0.9999961043980773,7,scanning,192.168.1.31,192.168.1.250,50945,1114,tcp,-,REJ,192.168.1.31->192.168.1.250
33176,7,scanning,0.9999960457612552,7,scanning,192.168.1.32,192.168.1.79,53921,9102,tcp,-,REJ,192.168.1.32->192.168.1.79
27203,7,scanning,0.9999960297692908,7,scanning,192.168.1.30,192.168.1.190,50567,9898,tcp,-,REJ,192.168.1.30->192.168.1.190
27283,7,scanning,0.9999959959248896,7,scanning,192.168.1.32,192.168.1.190,53921,1076,tcp,-,REJ,192.168.1.32->192.168.1.190
121,7,scanning,0.9999959673880682,7,scanning,192.168.1.31,192.168.1.250,50948,1122,tcp,-,REJ,192.168.1.31->192.168.1.250
28529,7,scanning,0.9999959343389924,7,scanning,192.168.1.30,192.168.1.133,62946,5925,tcp,-,REJ,192.168.1.30->192.168.1.133
36915,7,scanning,0.9999959307718568,7,scanning,192.168.1.30,192.168.1.190,50567,888,tcp,-,REJ,192.168.1.30->192.168.1.190
35258,2,dos,0.999995900819942,2,dos,192.168.1.30,192.168.1.190,20,20,tcp,-,REJ,192.168.1.30->192.168.1.190
16047,2,dos,0.999995900819942,2,dos,192.168.1.30,192.168.1.152,19,19,tcp,-,REJ,192.168.1.30->192.168.1.152
3988,2,dos,0.9999958832784434,2,dos,192.168.1.30,192.168.1.152,16,16,tcp,-,REJ,192.168.1.30->192.168.1.152
33506,2,dos,0.9999958832784434,2,dos,192.168.1.30,192.168.1.190,17,17,tcp,-,REJ,192.168.1.30->192.168.1.190
10270,2,dos,0.9999958832784434,2,dos,192.168.1.30,192.168.1.190,16,16,tcp,-,REJ,192.168.1.30->192.168.1.190
12705,2,dos,0.9999958832784434,2,dos,192.168.1.30,192.168.1.194,16,16,tcp,-,REJ,192.168.1.30->192.168.1.194
20961,2,dos,0.9999958832784434,2,dos,192.168.1.30,192.168.1.152,14,14,tcp,-,REJ,192.168.1.30->192.168.1.152
2127,2,dos,0.9999958831832343,2,dos,192.168.1.30,192.168.1.193,12,12,tcp,-,REJ,192.168.1.30->192.168.1.193
27353,2,dos,0.9999958831832343,2,dos,192.168.1.30,192.168.1.190,12,12,tcp,-,REJ,192.168.1.30->192.168.1.190
246,2,dos,0.9999958621963002,2,dos,192.168.1.30,192.168.1.152,15,15,tcp,-,REJ,192.168.1.30->192.168.1.152
26140,2,dos,0.9999958621963002,2,dos,192.168.1.30,192.168.1.193,15,15,tcp,-,REJ,192.168.1.30->192.168.1.193
29243,2,dos,0.9999958621963002,2,dos,192.168.1.30,192.168.1.184,17,17,tcp,-,REJ,192.168.1.30->192.168.1.184
25325,2,dos,0.9999958621010911,2,dos,192.168.1.30,192.168.1.190,13,13,tcp,-,REJ,192.168.1.30->192.168.1.190
25611,2,dos,0.9999958621010911,2,dos,192.168.1.30,192.168.1.194,12,12,tcp,-,REJ,192.168.1.30->192.168.1.194
625,2,dos,0.9999958619794117,2,dos,192.168.1.30,192.168.1.152,20,20,tcp,-,REJ,192.168.1.30->192.168.1.152
22612,2,dos,0.9999958619794117,2,dos,192.168.1.30,192.168.1.184,14,14,tcp,-,REJ,192.168.1.30->192.168.1.184
2560,2,dos,0.9999958619794117,2,dos,192.168.1.30,192.168.1.152,17,17,tcp,-,REJ,192.168.1.30->192.168.1.152
21239,2,dos,0.9999958618869624,2,dos,192.168.1.30,192.168.1.190,16,16,tcp,-,REJ,192.168.1.30->192.168.1.190
8746,2,dos,0.9999958618869624,2,dos,192.168.1.30,192.168.1.152,18,18,tcp,-,REJ,192.168.1.30->192.168.1.152
918,2,dos,0.9999958618869624,2,dos,192.168.1.30,192.168.1.190,16,16,tcp,-,REJ,192.168.1.30->192.168.1.190
31661,2,dos,0.9999958618869624,2,dos,192.168.1.30,192.168.1.190,16,16,tcp,-,REJ,192.168.1.30->192.168.1.190
20554,2,dos,0.9999958618869624,2,dos,192.168.1.30,192.168.1.190,20,20,tcp,-,REJ,192.168.1.30->192.168.1.190
33462,2,dos,0.9999958618842026,2,dos,192.168.1.30,192.168.1.190,13,13,tcp,-,REJ,192.168.1.30->192.168.1.190
6109,2,dos,0.9999958618842026,2,dos,192.168.1.30,192.168.1.152,12,12,tcp,-,REJ,192.168.1.30->192.168.1.152
9843,2,dos,0.9999958617917534,2,dos,192.168.1.30,192.168.1.193,13,13,tcp,-,REJ,192.168.1.30->192.168.1.193
21721,2,dos,0.9999958617917534,2,dos,192.168.1.30,192.168.1.152,12,12,tcp,-,REJ,192.168.1.30->192.168.1.152
7542,2,dos,0.9999958617917534,2,dos,192.168.1.30,192.168.1.190,12,12,tcp,-,REJ,192.168.1.30->192.168.1.190
26653,2,dos,0.9999958613917567,2,dos,192.168.1.30,192.168.1.193,16,16,tcp,-,REJ,192.168.1.30->192.168.1.193
34342,2,dos,0.9999958613917567,2,dos,192.168.1.30,192.168.1.190,17,17,tcp,-,REJ,192.168.1.30->192.168.1.190
24893,2,dos,0.9999958613917567,2,dos,192.168.1.30,192.168.1.190,19,19,tcp,-,REJ,192.168.1.30->192.168.1.190
528,2,dos,0.9999958613917567,2,dos,192.168.1.30,192.168.1.190,20,20,tcp,-,REJ,192.168.1.30->192.168.1.190
32271,2,dos,0.9999958613917567,2,dos,192.168.1.30,192.168.1.152,19,19,tcp,-,REJ,192.168.1.30->192.168.1.152
28423,2,dos,0.9999958613917567,2,dos,192.168.1.30,192.168.1.193,20,20,tcp,-,REJ,192.168.1.30->192.168.1.193
3131,2,dos,0.9999958613917567,2,dos,192.168.1.30,192.168.1.152,19,19,tcp,-,REJ,192.168.1.30->192.168.1.152
6438,2,dos,0.9999958612965476,2,dos,192.168.1.30,192.168.1.190,13,13,tcp,-,REJ,192.168.1.30->192.168.1.190
31244,2,dos,0.9999958319970503,2,dos,192.168.1.30,192.168.1.190,50,50,tcp,-,REJ,192.168.1.30->192.168.1.190
14532,2,dos,0.9999958140256671,2,dos,192.168.1.30,192.168.1.190,11,11,tcp,-,REJ,192.168.1.30->192.168.1.190
29425,2,dos,0.999995813439978,2,dos,192.168.1.30,192.168.1.190,20,20,tcp,-,REJ,192.168.1.30->192.168.1.190
13833,2,dos,0.999995813439978,2,dos,192.168.1.30,192.168.1.194,18,18,tcp,-,REJ,192.168.1.30->192.168.1.194
24971,2,dos,0.999995813439978,2,dos,192.168.1.30,192.168.1.184,20,20,tcp,-,REJ,192.168.1.30->192.168.1.184
32951,2,dos,0.999995813439978,2,dos,192.168.1.30,192.168.1.152,19,19,tcp,-,REJ,192.168.1.30->192.168.1.152
10120,2,dos,0.999995813439978,2,dos,192.168.1.30,192.168.1.152,18,18,tcp,-,REJ,192.168.1.30->192.168.1.152
26712,2,dos,0.999995813439978,2,dos,192.168.1.30,192.168.1.184,15,15,tcp,-,REJ,192.168.1.30->192.168.1.184
510,2,dos,0.9999958109429453,2,dos,192.168.1.30,192.168.1.184,51,51,tcp,-,REJ,192.168.1.30->192.168.1.184
8642,2,dos,0.9999958109429453,2,dos,192.168.1.30,192.168.1.190,50,50,tcp,-,REJ,192.168.1.30->192.168.1.190
21273,2,dos,0.9999958109429453,2,dos,192.168.1.30,192.168.1.152,50,50,tcp,-,REJ,192.168.1.30->192.168.1.152
19932,2,dos,0.9999958107263452,2,dos,192.168.1.30,192.168.1.190,50,50,tcp,-,REJ,192.168.1.30->192.168.1.190
15313,2,dos,0.9999958107263452,2,dos,192.168.1.30,192.168.1.152,51,51,tcp,-,REJ,192.168.1.30->192.168.1.152
31824,2,dos,0.9999958106340188,2,dos,192.168.1.30,192.168.1.190,50,50,tcp,-,REJ,192.168.1.30->192.168.1.190
6938,2,dos,0.9999958101394718,2,dos,192.168.1.30,192.168.1.190,50,50,tcp,-,REJ,192.168.1.30->192.168.1.190
13896,2,dos,0.9999958101394718,2,dos,192.168.1.30,192.168.1.152,50,50,tcp,-,REJ,192.168.1.30->192.168.1.152
10307,2,dos,0.9999958101394718,2,dos,192.168.1.30,192.168.1.152,51,51,tcp,-,REJ,192.168.1.30->192.168.1.152
3811,2,dos,0.9999957964841715,2,dos,192.168.1.30,192.168.1.152,11,11,tcp,-,REJ,192.168.1.30->192.168.1.152
18409,2,dos,0.9999957816827086,2,dos,192.168.1.30,192.168.1.152,19,19,tcp,-,REJ,192.168.1.30->192.168.1.152
36932,2,dos,0.9999957816827086,2,dos,192.168.1.30,192.168.1.190,19,19,tcp,-,REJ,192.168.1.30->192.168.1.190
28715,2,dos,0.9999957816827086,2,dos,192.168.1.30,192.168.1.190,15,15,tcp,-,REJ,192.168.1.30->192.168.1.190
30012,2,dos,0.9999957815874996,2,dos,192.168.1.30,192.168.1.190,12,12,tcp,-,REJ,192.168.1.30->192.168.1.190
20702,2,dos,0.9999957815229868,2,dos,192.168.1.30,192.168.1.152,16,16,tcp,-,REJ,192.168.1.30->192.168.1.152
37732,2,dos,0.9999957751851435,2,dos,192.168.1.30,192.168.1.193,11,11,tcp,-,REJ,192.168.1.30->192.168.1.193
32030,2,dos,0.9999957750926942,2,dos,192.168.1.30,192.168.1.152,11,11,tcp,-,REJ,192.168.1.30->192.168.1.152
24071,2,dos,0.9999957750926942,2,dos,192.168.1.30,192.168.1.152,11,11,tcp,-,REJ,192.168.1.30->192.168.1.152
9699,2,dos,0.9999957745974885,2,dos,192.168.1.30,192.168.1.152,11,11,tcp,-,REJ,192.168.1.30->192.168.1.152
15970,2,dos,0.9999957622514667,2,dos,192.168.1.30,192.168.1.190,50,50,tcp,-,REJ,192.168.1.30->192.168.1.190
18698,2,dos,0.999995730536433,2,dos,192.168.1.30,192.168.1.190,50,50,tcp,-,REJ,192.168.1.30->192.168.1.190
31993,2,dos,0.999995730536433,2,dos,192.168.1.30,192.168.1.193,51,51,tcp,-,REJ,192.168.1.30->192.168.1.193
5941,2,dos,0.999995730536433,2,dos,192.168.1.30,192.168.1.184,50,50,tcp,-,REJ,192.168.1.30->192.168.1.184
18338,2,dos,0.9999957303769237,2,dos,192.168.1.30,192.168.1.152,51,51,tcp,-,REJ,192.168.1.30->192.168.1.152
12863,2,dos,0.9999957303769237,2,dos,192.168.1.30,192.168.1.193,52,52,tcp,-,REJ,192.168.1.30->192.168.1.193
33315,2,dos,0.999995728871261,2,dos,192.168.1.30,192.168.1.184,19,19,tcp,-,REJ,192.168.1.30->192.168.1.184
20014,2,dos,0.999995728871261,2,dos,192.168.1.30,192.168.1.184,20,20,tcp,-,REJ,192.168.1.30->192.168.1.184
26204,2,dos,0.999995728871261,2,dos,192.168.1.30,192.168.1.194,16,16,tcp,-,REJ,192.168.1.30->192.168.1.194
14595,2,dos,0.9999957287716149,2,dos,192.168.1.30,192.168.1.184,12,12,tcp,-,REJ,192.168.1.30->192.168.1.184
6606,7,scanning,0.9999957176373955,7,scanning,192.168.1.32,192.168.1.79,53921,1152,tcp,-,REJ,192.168.1.32->192.168.1.79
10023,2,dos,0.9999957073064336,2,dos,192.168.1.30,192.168.1.152,44,44,tcp,-,REJ,192.168.1.30->192.168.1.152
4295,2,dos,0.9999957073064336,2,dos,192.168.1.30,192.168.1.152,47,47,tcp,-,REJ,192.168.1.30->192.168.1.152
34766,2,dos,0.9999957073064336,2,dos,192.168.1.30,192.168.1.190,49,49,tcp,-,REJ,192.168.1.30->192.168.1.190
25102,2,dos,0.9999956823781055,2,dos,192.168.1.30,192.168.1.194,50,50,tcp,-,REJ,192.168.1.30->192.168.1.194
34121,2,dos,0.9999956778339255,2,dos,192.168.1.30,192.168.1.194,50,50,tcp,-,REJ,192.168.1.30->192.168.1.194
14701,7,scanning,0.9999956665039914,7,scanning,192.168.1.32,192.168.1.152,53921,10566,tcp,-,REJ,192.168.1.32->192.168.1.152
2276,7,scanning,0.9999956313572518,7,scanning,192.168.1.32,192.168.1.152,53921,3945,tcp,-,REJ,192.168.1.32->192.168.1.152
14781,7,scanning,0.9999956154818704,7,scanning,192.168.1.32,192.168.1.79,53921,7920,tcp,-,REJ,192.168.1.32->192.168.1.79
14527,7,scanning,0.9999956120764202,7,scanning,192.168.1.30,192.168.1.133,62946,9100,tcp,-,REJ,192.168.1.30->192.168.1.133
19571,2,dos,0.9999955872335935,2,dos,192.168.1.30,192.168.1.194,13,13,tcp,-,REJ,192.168.1.30->192.168.1.194
31875,2,dos,0.9999955830079195,2,dos,192.168.1.30,192.168.1.194,45,45,tcp,-,REJ,192.168.1.30->192.168.1.194
32934,7,scanning,0.999995575069891,7,scanning,192.168.1.30,192.168.1.190,50632,445,tcp,-,REJ,192.168.1.30->192.168.1.190
8341,2,dos,0.9999955738386661,2,dos,192.168.1.30,192.168.1.194,52,52,tcp,-,REJ,192.168.1.30->192.168.1.194
17129,2,dos,0.999995567674258,2,dos,192.168.1.30,192.168.1.194,68,68,tcp,-,REJ,192.168.1.30->192.168.1.194
17244,7,scanning,0.9999955656377757,7,scanning,192.168.1.31,192.168.1.250,50945,1033,tcp,-,REJ,192.168.1.31->192.168.1.250
697,7,scanning,0.9999954740029358,7,scanning,192.168.1.31,192.168.1.133,50945,2005,tcp,-,REJ,192.168.1.31->192.168.1.133
1057,7,scanning,0.9999954421309389,7,scanning,192.168.1.32,192.168.1.250,61174,3351,tcp,-,REJ,192.168.1.32->192.168.1.250
37443,7,scanning,0.9999953182107374,7,scanning,192.168.1.32,192.168.1.250,61180,7200,tcp,-,REJ,192.168.1.32->192.168.1.250
13601,7,scanning,0.9999952725390366,7,scanning,192.168.1.32,192.168.1.152,54007,587,tcp,-,REJ,192.168.1.32->192.168.1.152
37130,7,scanning,0.9999952698975901,7,scanning,192.168.1.32,192.168.1.79,53921,5987,tcp,-,REJ,192.168.1.32->192.168.1.79
8788,7,scanning,0.9999952584850347,7,scanning,192.168.1.32,192.168.1.133,61171,16018,tcp,-,REJ,192.168.1.32->192.168.1.133
5967,7,scanning,0.9999952460997272,7,scanning,192.168.1.32,192.168.1.250,61171,21571,tcp,-,REJ,192.168.1.32->192.168.1.250
4448,7,scanning,0.9999951376258599,7,scanning,192.168.1.32,192.168.1.190,53921,32782,tcp,-,REJ,192.168.1.32->192.168.1.190
36636,7,scanning,0.9999951271345969,7,scanning,192.168.1.31,192.168.1.133,50945,23502,tcp,-,REJ,192.168.1.31->192.168.1.133
33222,7,scanning,0.9999951190241398,7,scanning,192.168.1.32,192.168.1.133,61171,5730,tcp,-,REJ,192.168.1.32->192.168.1.133
14610,7,scanning,0.9999951157257749,7,scanning,192.168.1.30,192.168.1.133,62946,4279,tcp,-,REJ,192.168.1.30->192.168.1.133
36886,7,scanning,0.9999951125300041,7,scanning,192.168.1.32,192.168.1.79,53921,1137,tcp,-,REJ,192.168.1.32->192.168.1.79
2268,7,scanning,0.9999950442289421,7,scanning,192.168.1.30,192.168.1.250,62946,8093,tcp,-,REJ,192.168.1.30->192.168.1.250
21694,7,scanning,0.9999950104263965,7,scanning,192.168.1.32,192.168.1.152,53921,5987,tcp,-,REJ,192.168.1.32->192.168.1.152
22822,7,scanning,0.9999950035511617,7,scanning,192.168.1.32,192.168.1.250,61171,8011,tcp,-,REJ,192.168.1.32->192.168.1.250
19572,7,scanning,0.9999949634209879,7,scanning,192.168.1.32,192.168.1.250,61171,9618,tcp,-,REJ,192.168.1.32->192.168.1.250
8899,7,scanning,0.999994958576,7,scanning,192.168.1.31,192.168.1.250,50945,4242,tcp,-,REJ,192.168.1.31->192.168.1.250
37728,7,scanning,0.9999948903150789,7,scanning,192.168.1.32,192.168.1.190,53921,9102,tcp,-,REJ,192.168.1.32->192.168.1.190
29905,7,scanning,0.999994878132666,7,scanning,192.168.1.32,192.168.1.79,53921,5911,tcp,-,REJ,192.168.1.32->192.168.1.79
3375,7,scanning,0.9999948694333308,7,scanning,192.168.1.32,192.168.1.190,53922,5060,tcp,-,REJ,192.168.1.32->192.168.1.190
12240,7,scanning,0.9999948628617698,7,scanning,192.168.1.32,192.168.1.190,53921,33354,tcp,-,REJ,192.168.1.32->192.168.1.190
10784,7,scanning,0.9999948370632556,7,scanning,192.168.1.30,192.168.1.133,62946,6123,tcp,-,REJ,192.168.1.30->192.168.1.133
1371,5,password,0.9999947839247769,5,password,192.168.1.31,192.168.1.190,34448,80,tcp,http,SF,192.168.1.31->192.168.1.190
17636,7,scanning,0.9999947713169786,7,scanning,192.168.1.32,192.168.1.133,61171,5510,tcp,-,REJ,192.168.1.32->192.168.1.133
29924,7,scanning,0.9999947509597459,7,scanning,192.168.1.30,192.168.1.250,50567,9003,tcp,-,REJ,192.168.1.30->192.168.1.250
34812,7,scanning,0.9999947302492966,7,scanning,192.168.1.30,192.168.1.133,62946,1062,tcp,-,REJ,192.168.1.30->192.168.1.133
26633,7,scanning,0.9999947254941671,7,scanning,192.168.1.32,192.168.1.79,53128,993,tcp,-,REJ,192.168.1.32->192.168.1.79
24279,7,scanning,0.9999947172995253,7,scanning,192.168.1.30,192.168.1.133,62946,6792,tcp,-,REJ,192.168.1.30->192.168.1.133
16336,7,scanning,0.9999946898605893,7,scanning,192.168.1.32,192.168.1.152,53921,5811,tcp,-,REJ,192.168.1.32->192.168.1.152
19211,7,scanning,0.999994683585676,7,scanning,192.168.1.32,192.168.1.250,61171,5959,tcp,-,REJ,192.168.1.32->192.168.1.250
16906,7,scanning,0.9999946816786547,7,scanning,192.168.1.32,192.168.1.152,53921,1137,tcp,-,REJ,192.168.1.32->192.168.1.152
7376,7,scanning,0.9999945321802275,7,scanning,192.168.1.32,192.168.1.152,53921,3283,tcp,-,REJ,192.168.1.32->192.168.1.152
1818,7,scanning,0.9999944971152518,7,scanning,192.168.1.32,192.168.1.133,61171,1154,tcp,-,REJ,192.168.1.32->192.168.1.133
35585,7,scanning,0.99999444287384,7,scanning,192.168.1.32,192.168.1.152,53921,4567,tcp,-,REJ,192.168.1.32->192.168.1.152
33644,7,scanning,0.9999944052142022,7,scanning,192.168.1.30,192.168.1.152,42908,1076,tcp,-,REJ,192.168.1.30->192.168.1.152
31385,7,scanning,0.9999943871313518,7,scanning,192.168.1.32,192.168.1.190,53921,5901,tcp,-,REJ,192.168.1.32->192.168.1.190
1991,7,scanning,0.9999943765723449,7,scanning,192.168.1.32,192.168.1.152,53921,3905,tcp,-,REJ,192.168.1.32->192.168.1.152
1628,7,scanning,0.9999943593380238,7,scanning,192.168.1.30,192.168.1.152,42908,9220,tcp,-,REJ,192.168.1.30->192.168.1.152
18653,7,scanning,0.9999943229673094,7,scanning,192.168.1.32,192.168.1.152,53921,17877,tcp,-,REJ,192.168.1.32->192.168.1.152
19150,7,scanning,0.9999943138305546,7,scanning,192.168.1.30,192.168.1.152,42908,18040,tcp,-,REJ,192.168.1.30->192.168.1.152
27804,7,scanning,0.9999942899951517,7,scanning,192.168.1.31,192.168.1.133,50945,1054,tcp,-,REJ,192.168.1.31->192.168.1.133
22834,7,scanning,0.9999942749967651,7,scanning,192.168.1.31,192.168.1.133,50945,2099,tcp,-,REJ,192.168.1.31->192.168.1.133
36047,7,scanning,0.9999942656808445,7,scanning,192.168.1.30,192.168.1.152,42908,9011,tcp,-,REJ,192.168.1.30->192.168.1.152
9227,7,scanning,0.9999942613080139,7,scanning,192.168.1.30,192.168.1.152,42908,6003,tcp,-,REJ,192.168.1.30->192.168.1.152
29436,7,scanning,0.9999942471088796,7,scanning,192.168.1.31,192.168.1.133,50945,254,tcp,-,REJ,192.168.1.31->192.168.1.133
24158,7,scanning,0.9999942262216603,7,scanning,192.168.1.30,192.168.1.152,42908,8009,tcp,-,REJ,192.168.1.30->192.168.1.152
26323,7,scanning,0.9999942186037144,7,scanning,192.168.1.30,192.168.1.152,42908,6346,tcp,-,REJ,192.168.1.30->192.168.1.152
9229,7,scanning,0.9999942182248539,7,scanning,192.168.1.30,192.168.1.152,42908,7741,tcp,-,REJ,192.168.1.30->192.168.1.152
22134,7,scanning,0.9999942098385103,7,scanning,192.168.1.32,192.168.1.152,53921,19101,tcp,-,REJ,192.168.1.32->192.168.1.152
20044,7,scanning,0.9999941734548972,7,scanning,192.168.1.30,192.168.1.152,42908,8089,tcp,-,REJ,192.168.1.30->192.168.1.152
10601,7,scanning,0.9999941373549383,7,scanning,192.168.1.30,192.168.1.169,50568,1132,tcp,-,S0,192.168.1.30->192.168.1.169
11062,7,scanning,0.999994135646855,7,scanning,192.168.1.30,192.168.1.46,50568,8031,tcp,-,S0,192.168.1.30->192.168.1.46
33317,7,scanning,0.9999941356466734,7,scanning,192.168.1.30,192.168.1.169,50567,8086,tcp,-,S0,192.168.1.30->192.168.1.169
16876,7,scanning,0.9999941356466734,7,scanning,192.168.1.30,192.168.1.49,50567,8443,tcp,-,S0,192.168.1.30->192.168.1.49
24798,7,scanning,0.9999941356466734,7,scanning,192.168.1.30,192.168.1.103,50567,8649,tcp,-,S0,192.168.1.30->192.168.1.103
2805,7,scanning,0.9999941356466734,7,scanning,192.168.1.30,192.168.1.186,50568,8083,tcp,-,S0,192.168.1.30->192.168.1.186
6372,7,scanning,0.9999941356466734,7,scanning,192.168.1.30,192.168.1.103,50567,8402,tcp,-,S0,192.168.1.30->192.168.1.103
22565,7,scanning,0.9999941356466734,7,scanning,192.168.1.30,192.168.1.169,50568,8800,tcp,-,S0,192.168.1.30->192.168.1.169
22068,7,scanning,0.9999941356466734,7,scanning,192.168.1.30,192.168.1.169,50567,8222,tcp,-,S0,192.168.1.30->192.168.1.169
14864,7,scanning,0.9999941356466734,7,scanning,192.168.1.30,192.168.1.46,50567,8649,tcp,-,S0,192.168.1.30->192.168.1.46
9361,7,scanning,0.9999941356466734,7,scanning,192.168.1.30,192.168.1.46,50567,8800,tcp,-,S0,192.168.1.30->192.168.1.46
9260,7,scanning,0.9999941356466734,7,scanning,192.168.1.30,192.168.1.46,50567,8701,tcp,-,S0,192.168.1.30->192.168.1.46
23184,7,scanning,0.9999941356466734,7,scanning,192.168.1.30,192.168.1.186,50567,9091,tcp,-,S0,192.168.1.30->192.168.1.186
11759,7,scanning,0.9999941356466734,7,scanning,192.168.1.30,192.168.1.133,50567,8194,tcp,-,S0,192.168.1.30->192.168.1.133
35814,7,scanning,0.9999941339236075,7,scanning,192.168.1.32,192.168.1.250,61171,8194,tcp,-,REJ,192.168.1.32->192.168.1.250
10689,7,scanning,0.9999941220373608,7,scanning,192.168.1.30,192.168.1.103,50567,5510,tcp,-,S0,192.168.1.30->192.168.1.103
8735,7,scanning,0.9999941220373608,7,scanning,192.168.1.30,192.168.1.46,50568,5440,tcp,-,S0,192.168.1.30->192.168.1.46
30884,7,scanning,0.9999941220373608,7,scanning,192.168.1.30,192.168.1.186,50568,5730,tcp,-,S0,192.168.1.30->192.168.1.186
27825,7,scanning,0.9999941220373608,7,scanning,192.168.1.30,192.168.1.169,50567,5877,tcp,-,S0,192.168.1.30->192.168.1.169
6892,7,scanning,0.9999941220373608,7,scanning,192.168.1.30,192.168.1.103,50567,5910,tcp,-,S0,192.168.1.30->192.168.1.103
2829,7,scanning,0.9999941220373608,7,scanning,192.168.1.30,192.168.1.103,50568,5877,tcp,-,S0,192.168.1.30->192.168.1.103
21884,7,scanning,0.9999941220373608,7,scanning,192.168.1.30,192.168.1.103,50567,5440,tcp,-,S0,192.168.1.30->192.168.1.103
21454,7,scanning,0.9999941220373608,7,scanning,192.168.1.30,192.168.1.46,50567,5440,tcp,-,S0,192.168.1.30->192.168.1.46
117,7,scanning,0.9999941220373608,7,scanning,192.168.1.30,192.168.1.186,50568,5801,tcp,-,S0,192.168.1.30->192.168.1.186
36116,7,scanning,0.9999941220373608,7,scanning,192.168.1.30,192.168.1.103,50567,5679,tcp,-,S0,192.168.1.30->192.168.1.103
36430,7,scanning,0.9999941220373608,7,scanning,192.168.1.30,192.168.1.169,50567,5802,tcp,-,S0,192.168.1.30->192.168.1.169
22371,7,scanning,0.9999941220373608,7,scanning,192.168.1.30,192.168.1.103,50568,5440,tcp,-,S0,192.168.1.30->192.168.1.103
18578,7,scanning,0.9999941218362176,7,scanning,192.168.1.30,192.168.1.186,50567,6001,tcp,-,S0,192.168.1.30->192.168.1.186
26453,7,scanning,0.9999941218362176,7,scanning,192.168.1.30,192.168.1.186,50567,5999,tcp,-,S0,192.168.1.30->192.168.1.186
29538,7,scanning,0.9999941213711315,7,scanning,192.168.1.30,192.168.1.46,50568,7004,tcp,-,S0,192.168.1.30->192.168.1.46
23641,7,scanning,0.9999941213711315,7,scanning,192.168.1.30,192.168.1.186,50568,7007,tcp,-,S0,192.168.1.30->192.168.1.186
13000,7,scanning,0.9999941213711315,7,scanning,192.168.1.30,192.168.1.103,50567,7443,tcp,-,S0,192.168.1.30->192.168.1.103
10730,7,scanning,0.9999941213711315,7,scanning,192.168.1.30,192.168.1.46,50567,7025,tcp,-,S0,192.168.1.30->192.168.1.46
17487,7,scanning,0.9999941213711315,7,scanning,192.168.1.30,192.168.1.46,50567,6969,tcp,-,S0,192.168.1.30->192.168.1.46
34268,7,scanning,0.9999941213711315,7,scanning,192.168.1.30,192.168.1.49,50568,7106,tcp,-,S0,192.168.1.30->192.168.1.49
20417,7,scanning,0.9999941213711315,7,scanning,192.168.1.30,192.168.1.46,50568,7025,tcp,-,S0,192.168.1.30->192.168.1.46
11238,7,scanning,0.9999941213711315,7,scanning,192.168.1.30,192.168.1.169,50567,6666,tcp,-,S0,192.168.1.30->192.168.1.169
6457,7,scanning,0.9999941159752589,7,scanning,192.168.1.30,192.168.1.133,62946,1947,tcp,-,REJ,192.168.1.30->192.168.1.133
31269,7,scanning,0.9999941002230927,7,scanning,192.168.1.30,192.168.1.103,50567,8000,tcp,-,S0,192.168.1.30->192.168.1.103
16477,7,scanning,0.9999940957999146,7,scanning,192.168.1.30,192.168.1.250,62953,5902,tcp,-,REJ,192.168.1.30->192.168.1.250
2171,7,scanning,0.9999940915631673,7,scanning,192.168.1.30,192.168.1.250,50576,8007,tcp,-,S0,192.168.1.30->192.168.1.250
25445,7,scanning,0.9999940915631673,7,scanning,192.168.1.30,192.168.1.250,50574,8007,tcp,-,S0,192.168.1.30->192.168.1.250
34771,7,scanning,0.9999940911046797,7,scanning,192.168.1.30,192.168.1.49,50574,9050,tcp,-,S0,192.168.1.30->192.168.1.49
1695,7,scanning,0.9999940911046797,7,scanning,192.168.1.30,192.168.1.133,50573,8194,tcp,-,S0,192.168.1.30->192.168.1.133
16697,7,scanning,0.9999940768291391,7,scanning,192.168.1.30,192.168.1.49,50572,7106,tcp,-,S0,192.168.1.30->192.168.1.49
24114,7,scanning,0.9999940768291391,7,scanning,192.168.1.30,192.168.1.49,50577,7106,tcp,-,S0,192.168.1.30->192.168.1.49
26614,7,scanning,0.9999940768291391,7,scanning,192.168.1.30,192.168.1.250,50569,7512,tcp,-,S0,192.168.1.30->192.168.1.250
22736,7,scanning,0.9999940671781241,7,scanning,192.168.1.31,192.168.1.250,50945,8001,tcp,-,REJ,192.168.1.31->192.168.1.250
21412,7,scanning,0.9999940633399201,7,scanning,192.168.1.31,192.168.1.133,50945,8090,tcp,-,REJ,192.168.1.31->192.168.1.133
36301,7,scanning,0.9999940489597482,7,scanning,192.168.1.30,192.168.1.49,50572,7741,tcp,-,S0,192.168.1.30->192.168.1.49
20709,7,scanning,0.9999940489597482,7,scanning,192.168.1.30,192.168.1.49,50573,7741,tcp,-,S0,192.168.1.30->192.168.1.49
35994,7,scanning,0.9999940489597482,7,scanning,192.168.1.30,192.168.1.49,50575,7741,tcp,-,S0,192.168.1.30->192.168.1.49
24600,7,scanning,0.9999940447619303,7,scanning,192.168.1.30,192.168.1.250,62954,5631,tcp,-,REJ,192.168.1.30->192.168.1.250
8017,7,scanning,0.9999940013060269,7,scanning,192.168.1.30,192.168.1.169,50568,1106,tcp,-,S0,192.168.1.30->192.168.1.169
31937,7,scanning,0.9999940013060269,7,scanning,192.168.1.30,192.168.1.169,50567,1106,tcp,-,S0,192.168.1.30->192.168.1.169
36452,7,scanning,0.9999940013060218,7,scanning,192.168.1.30,192.168.1.186,50568,668,tcp,-,S0,192.168.1.30->192.168.1.186
19316,7,scanning,0.9999940013060218,7,scanning,192.168.1.30,192.168.1.169,50567,888,tcp,-,S0,192.168.1.30->192.168.1.169
7321,7,scanning,0.9999940013060218,7,scanning,192.168.1.30,192.168.1.250,50568,1038,tcp,-,S0,192.168.1.30->192.168.1.250
9099,7,scanning,0.9999940013060218,7,scanning,192.168.1.30,192.168.1.186,50568,458,tcp,-,S0,192.168.1.30->192.168.1.186
31957,7,scanning,0.9999940013060218,7,scanning,192.168.1.30,192.168.1.186,50567,1011,tcp,-,S0,192.168.1.30->192.168.1.186
9954,7,scanning,0.9999940013060218,7,scanning,192.168.1.30,192.168.1.49,50567,1040,tcp,-,S0,192.168.1.30->192.168.1.49
29023,7,scanning,0.9999939994043308,7,scanning,192.168.1.31,192.168.1.250,50945,5631,tcp,-,REJ,192.168.1.31->192.168.1.250
2269,7,scanning,0.9999939530865238,7,scanning,192.168.1.32,192.168.1.190,53921,5550,tcp,-,REJ,192.168.1.32->192.168.1.190
5951,7,scanning,0.9999939450073971,7,scanning,192.168.1.30,192.168.1.250,50638,993,tcp,-,S0,192.168.1.30->192.168.1.250
36586,7,scanning,0.9999939450073971,7,scanning,192.168.1.30,192.168.1.250,50640,993,tcp,-,S0,192.168.1.30->192.168.1.250
26365,7,scanning,0.9999939450073971,7,scanning,192.168.1.30,192.168.1.49,50571,1040,tcp,-,S0,192.168.1.30->192.168.1.49
13139,7,scanning,0.9999939190494935,7,scanning,192.168.1.32,192.168.1.133,61171,1009,tcp,-,REJ,192.168.1.32->192.168.1.133
35223,7,scanning,0.9999939137673478,7,scanning,192.168.1.32,192.168.1.133,61171,2366,tcp,-,REJ,192.168.1.32->192.168.1.133
345,7,scanning,0.9999938774529846,7,scanning,192.168.1.32,192.168.1.79,53921,1096,tcp,-,REJ,192.168.1.32->192.168.1.79
9004,7,scanning,0.9999938697809169,7,scanning,192.168.1.32,192.168.1.250,61171,6106,tcp,-,REJ,192.168.1.32->192.168.1.250
14296,7,scanning,0.9999938633981318,7,scanning,192.168.1.31,192.168.1.250,50945,49175,tcp,-,REJ,192.168.1.31->192.168.1.250
10970,7,scanning,0.9999938199850169,7,scanning,192.168.1.32,192.168.1.250,61171,5226,tcp,-,REJ,192.168.1.32->192.168.1.250
16140,7,scanning,0.9999938199850169,7,scanning,192.168.1.32,192.168.1.250,61171,5001,tcp,-,REJ,192.168.1.32->192.168.1.250
8725,7,scanning,0.9999937668501161,7,scanning,192.168.1.32,192.168.1.79,53921,9101,tcp,-,REJ,192.168.1.32->192.168.1.79
17024,7,scanning,0.9999937428155364,7,scanning,192.168.1.32,192.168.1.133,61171,6646,tcp,-,REJ,192.168.1.32->192.168.1.133
29340,7,scanning,0.9999937018765458,7,scanning,192.168.1.32,192.168.1.133,61177,8194,tcp,-,REJ,192.168.1.32->192.168.1.133
2157,7,scanning,0.9999936758217033,7,scanning,192.168.1.32,192.168.1.133,61171,4006,tcp,-,REJ,192.168.1.32->192.168.1.133
28839,7,scanning,0.9999936442888463,7,scanning,192.168.1.32,192.168.1.133,61171,11110,tcp,-,REJ,192.168.1.32->192.168.1.133
15047,5,password,0.9999934037228722,5,password,192.168.1.31,192.168.1.190,34318,80,tcp,http,SF,192.168.1.31->192.168.1.190
7644,7,scanning,0.9999932710044416,7,scanning,192.168.1.32,192.168.1.49,61171,9220,tcp,-,REJ,192.168.1.32->192.168.1.49
16972,7,scanning,0.9999931914485178,7,scanning,192.168.1.32,192.168.1.190,53925,8082,tcp,-,REJ,192.168.1.32->192.168.1.190
32756,2,dos,0.9999931309184699,2,dos,192.168.1.30,176.28.50.165,62,62,tcp,-,REJ,192.168.1.30->176.28.50.165
642,7,scanning,0.9999930186261288,7,scanning,192.168.1.32,192.168.1.190,53921,5987,tcp,-,REJ,192.168.1.32->192.168.1.190
24231,3,injection,0.999992812375008,3,injection,192.168.1.31,18.184.104.180,36172,80,tcp,http,SF,192.168.1.31->18.184.104.180
16650,3,injection,0.999992744849666,3,injection,192.168.1.30,52.59.177.21,36232,80,tcp,http,SF,192.168.1.30->52.59.177.21
7573,3,injection,0.9999927080162747,3,injection,192.168.1.30,52.59.177.21,36024,80,tcp,http,SF,192.168.1.30->52.59.177.21
36163,3,injection,0.9999926900052583,3,injection,192.168.1.30,52.59.177.21,36216,80,tcp,http,SF,192.168.1.30->52.59.177.21
37820,3,injection,0.9999926869683309,3,injection,192.168.1.31,18.184.104.180,36230,80,tcp,http,SF,192.168.1.31->18.184.104.180
14325,3,injection,0.9999926732116053,3,injection,192.168.1.30,52.59.177.21,36202,80,tcp,http,SF,192.168.1.30->52.59.177.21
22021,3,injection,0.9999926730709529,3,injection,192.168.1.31,18.184.104.180,36146,80,tcp,http,SF,192.168.1.31->18.184.104.180
23766,3,injection,0.9999926719489934,3,injection,192.168.1.30,52.59.177.21,36218,80,tcp,http,SF,192.168.1.30->52.59.177.21
12529,2,dos,0.9999926696052485,2,dos,192.168.1.30,176.28.50.165,74,74,tcp,-,REJ,192.168.1.30->176.28.50.165
34722,3,injection,0.999992668971897,3,injection,192.168.1.30,52.59.177.21,36048,80,tcp,http,SF,192.168.1.30->52.59.177.21
24351,7,scanning,0.9999926638912736,7,scanning,192.168.1.32,192.168.1.190,53921,4125,tcp,-,REJ,192.168.1.32->192.168.1.190
9597,3,injection,0.9999926626861851,3,injection,192.168.1.31,18.184.104.180,36214,80,tcp,http,SF,192.168.1.31->18.184.104.180
6206,3,injection,0.9999926591263587,3,injection,192.168.1.30,52.59.177.21,36114,80,tcp,http,SF,192.168.1.30->52.59.177.21
4106,3,injection,0.9999926589835024,3,injection,192.168.1.30,52.59.177.21,36134,80,tcp,http,SF,192.168.1.30->52.59.177.21
27522,3,injection,0.9999926588393598,3,injection,192.168.1.31,18.184.104.180,36042,80,tcp,http,SF,192.168.1.31->18.184.104.180
4683,3,injection,0.9999926155353175,3,injection,192.168.1.30,52.59.177.21,36240,80,tcp,http,SF,192.168.1.30->52.59.177.21
6485,7,scanning,0.9999926061239461,7,scanning,192.168.1.32,192.168.1.46,53922,8021,tcp,-,S0,192.168.1.32->192.168.1.46
10989,7,scanning,0.9999926061239461,7,scanning,192.168.1.32,192.168.1.49,53924,8011,tcp,-,S0,192.168.1.32->192.168.1.49
17692,7,scanning,0.9999926053785152,7,scanning,192.168.1.32,192.168.1.49,53922,8649,tcp,-,S0,192.168.1.32->192.168.1.49
24652,7,scanning,0.9999926053785152,7,scanning,192.168.1.32,192.168.1.46,53922,8443,tcp,-,S0,192.168.1.32->192.168.1.46
